numitems,bitsperitem,instance_id,objective,use_heuristic_2,use_heuristic_3,use_lower_bound,diff,runtime
10,16,0,maximize-smallest-sum,False,False,False,375.0,0.019709000000000088
10,16,0,maximize-smallest-sum,False,False,True,108.0,0.005742799999999937
10,16,0,maximize-smallest-sum,True,False,False,339.0,0.001747799999999966
10,16,0,maximize-smallest-sum,True,False,True,572.0,0.0028200000000000447
10,16,1,maximize-smallest-sum,False,False,False,19.0,0.02840940000000003
10,16,1,maximize-smallest-sum,False,False,True,38.0,0.006059599999999943
10,16,1,maximize-smallest-sum,True,False,False,230.0,0.003836100000000009
10,16,1,maximize-smallest-sum,True,False,True,278.0,0.002622199999999908
10,16,2,maximize-smallest-sum,False,False,False,594.0,0.024915600000000038
10,16,2,maximize-smallest-sum,False,False,True,34.0,0.008774700000000024
10,16,2,maximize-smallest-sum,True,False,False,156.0,0.0019474000000000435
10,16,2,maximize-smallest-sum,True,False,True,151.0,0.001501400000000097
10,16,3,maximize-smallest-sum,False,False,False,229.0,0.016015200000000007
10,16,3,maximize-smallest-sum,False,False,True,63.0,0.0027905999999999764
10,16,3,maximize-smallest-sum,True,False,False,310.0,0.001443500000000153
10,16,3,maximize-smallest-sum,True,False,True,1425.0,0.0037803000000000697
10,16,4,maximize-smallest-sum,False,False,False,1625.0,0.015912599999999832
10,16,4,maximize-smallest-sum,False,False,True,46.0,0.005138599999999993
10,16,4,maximize-smallest-sum,True,False,False,50.0,0.0009471000000000895
10,16,4,maximize-smallest-sum,True,False,True,856.0,0.002299000000000051
10,16,5,maximize-smallest-sum,False,False,False,191.0,0.01710070000000008
10,16,5,maximize-smallest-sum,False,False,True,21.0,0.002473900000000029
10,16,5,maximize-smallest-sum,True,False,False,473.0,0.001146700000000056
10,16,5,maximize-smallest-sum,True,False,True,1042.0,0.0020509000000001887
10,16,6,maximize-smallest-sum,False,False,False,183.0,0.013221700000000114
10,16,6,maximize-smallest-sum,False,False,True,436.0,0.0037599999999999856
10,16,6,maximize-smallest-sum,True,False,False,125.0,0.002823800000000043
10,16,6,maximize-smallest-sum,True,False,True,124.0,0.004885299999999981
10,16,7,maximize-smallest-sum,False,False,False,64.0,0.02688960000000007
10,16,7,maximize-smallest-sum,False,False,True,171.0,0.006011800000000012
10,16,7,maximize-smallest-sum,True,False,False,202.0,0.0018569000000001612
10,16,7,maximize-smallest-sum,True,False,True,200.0,0.003247599999999906
10,16,8,maximize-smallest-sum,False,False,False,101.0,0.0248313
10,16,8,maximize-smallest-sum,False,False,True,787.0,0.003024300000000091
10,16,8,maximize-smallest-sum,True,False,False,2442.0,0.0011299999999998533
10,16,8,maximize-smallest-sum,True,False,True,98.0,0.0021209999999998175
10,16,9,maximize-smallest-sum,False,False,False,121.0,0.013669300000000106
10,16,9,maximize-smallest-sum,False,False,True,89.0,0.002476900000000004
10,16,9,maximize-smallest-sum,True,False,False,899.0,0.001635799999999854
10,16,9,maximize-smallest-sum,True,False,True,35.0,0.0012436000000000114
10,32,0,maximize-smallest-sum,False,False,False,17843477.0,0.014823999999999948
10,32,0,maximize-smallest-sum,False,False,True,37837429.0,0.004281299999999932
10,32,0,maximize-smallest-sum,True,False,False,15320608.0,0.0013206999999999525
10,32,0,maximize-smallest-sum,True,False,True,6689080.0,0.0036266000000000354
10,32,1,maximize-smallest-sum,False,False,False,17105916.0,0.015002000000000182
10,32,1,maximize-smallest-sum,False,False,True,10715736.0,0.006723599999999941
10,32,1,maximize-smallest-sum,True,False,False,496896.0,0.0015944000000001068
10,32,1,maximize-smallest-sum,True,False,True,21240468.0,0.0029325000000000045
10,32,2,maximize-smallest-sum,False,False,False,4178126.0,0.014977800000000041
10,32,2,maximize-smallest-sum,False,False,True,5697156.0,0.0031661000000000605
10,32,2,maximize-smallest-sum,True,False,False,1233104.0,0.0017696000000000378
10,32,2,maximize-smallest-sum,True,False,True,4925661.0,0.0013860000000001094
10,32,3,maximize-smallest-sum,False,False,False,19590913.0,0.013861399999999913
10,32,3,maximize-smallest-sum,False,False,True,13548571.0,0.004395800000000172
10,32,3,maximize-smallest-sum,True,False,False,4890520.0,0.0007636999999998118
10,32,3,maximize-smallest-sum,True,False,True,31426073.0,0.0017233999999999305
10,32,4,maximize-smallest-sum,False,False,False,38343251.0,0.013859300000000019
10,32,4,maximize-smallest-sum,False,False,True,89286774.0,0.0010955999999999744
10,32,4,maximize-smallest-sum,True,False,False,71997689.0,0.0013944999999999652
10,32,4,maximize-smallest-sum,True,False,True,9278393.0,0.0010086000000000261
10,32,5,maximize-smallest-sum,False,False,False,9629381.0,0.016107299999999825
10,32,5,maximize-smallest-sum,False,False,True,31702407.0,0.004773299999999869
10,32,5,maximize-smallest-sum,True,False,False,9663537.0,0.0013697999999999766
10,32,5,maximize-smallest-sum,True,False,True,12744404.0,0.0019093000000001137
10,32,6,maximize-smallest-sum,False,False,False,7407826.0,0.014038600000000123
10,32,6,maximize-smallest-sum,False,False,True,24342363.0,0.003136899999999887
10,32,6,maximize-smallest-sum,True,False,False,3809337.0,0.001379000000000019
10,32,6,maximize-smallest-sum,True,False,True,21558591.0,0.0022695999999999827
10,32,7,maximize-smallest-sum,False,False,False,1010398.0,0.013255899999999876
10,32,7,maximize-smallest-sum,False,False,True,17539596.0,0.004604700000000017
10,32,7,maximize-smallest-sum,True,False,False,9536612.0,0.0015852000000000643
10,32,7,maximize-smallest-sum,True,False,True,4874593.0,0.004590100000000152
10,32,8,maximize-smallest-sum,False,False,False,1087849.0,0.015204999999999913
10,32,8,maximize-smallest-sum,False,False,True,33862662.0,0.0031616000000003197
10,32,8,maximize-smallest-sum,True,False,False,6716172.0,0.0036340999999997514
10,32,8,maximize-smallest-sum,True,False,True,18440335.0,0.003306499999999879
10,32,9,maximize-smallest-sum,False,False,False,12440336.0,0.018965999999999816
10,32,9,maximize-smallest-sum,False,False,True,5218966.0,0.0028452999999997175
10,32,9,maximize-smallest-sum,True,False,False,1945506.0,0.0023599000000000814
10,32,9,maximize-smallest-sum,True,False,True,16111447.0,0.010837599999999892
10,48,0,maximize-smallest-sum,False,False,False,1609689230510.0,0.02250590000000008
10,48,0,maximize-smallest-sum,False,False,True,1394271046207.0,0.012125300000000117
10,48,0,maximize-smallest-sum,True,False,False,264491129501.0,0.0037682999999999467
10,48,0,maximize-smallest-sum,True,False,True,379673394775.0,0.006930600000000009
10,48,1,maximize-smallest-sum,False,False,False,4860404602690.0,0.03427699999999989
10,48,1,maximize-smallest-sum,False,False,True,482001775877.0,0.00876980000000005
10,48,1,maximize-smallest-sum,True,False,False,49596392973.0,0.0024073999999996154
10,48,1,maximize-smallest-sum,True,False,True,386830236560.0,0.003645200000000237
10,48,2,maximize-smallest-sum,False,False,False,388405147452.0,0.01892859999999974
10,48,2,maximize-smallest-sum,False,False,True,226767846486.0,0.004273099999999808
10,48,2,maximize-smallest-sum,True,False,False,5413478214026.0,0.0009063999999998629
10,48,2,maximize-smallest-sum,True,False,True,37257808717.0,0.003997400000000262
10,48,3,maximize-smallest-sum,False,False,False,321235293101.0,0.02889649999999966
10,48,3,maximize-smallest-sum,False,False,True,4842593581279.0,0.015624700000000047
10,48,3,maximize-smallest-sum,True,False,False,1140704830497.0,0.0026279000000002384
10,48,3,maximize-smallest-sum,True,False,True,485072290742.0,0.0028383000000000713
10,48,4,maximize-smallest-sum,False,False,False,1224688222.0,0.023020900000000122
10,48,4,maximize-smallest-sum,False,False,True,303787377537.0,0.009255699999999756
10,48,4,maximize-smallest-sum,True,False,False,2290221230524.0,0.0015543000000000085
10,48,4,maximize-smallest-sum,True,False,True,835236839270.0,0.0052075000000000315
10,48,5,maximize-smallest-sum,False,False,False,221995058747.0,0.020019999999999705
10,48,5,maximize-smallest-sum,False,False,True,673643340265.0,0.004814899999999955
10,48,5,maximize-smallest-sum,True,False,False,1101717788683.0,0.0020313999999999055
10,48,5,maximize-smallest-sum,True,False,True,1081544413571.0,0.0043767999999997365
10,48,6,maximize-smallest-sum,False,False,False,121727002404.0,0.02387870000000003
10,48,6,maximize-smallest-sum,False,False,True,154122278055.0,0.002370500000000053
10,48,6,maximize-smallest-sum,True,False,False,58179179298.0,0.0014286999999999495
10,48,6,maximize-smallest-sum,True,False,True,1742339956800.0,0.002855799999999853
10,48,7,maximize-smallest-sum,False,False,False,992959736028.0,0.018175299999999783
10,48,7,maximize-smallest-sum,False,False,True,199937509544.0,0.0031079999999996666
10,48,7,maximize-smallest-sum,True,False,False,35313763776.0,0.0032965000000002576
10,48,7,maximize-smallest-sum,True,False,True,1491770789699.0,0.00240700000000027
10,48,8,maximize-smallest-sum,False,False,False,730418040635.0,0.018127299999999735
10,48,8,maximize-smallest-sum,False,False,True,480610274411.0,0.0025005000000000166
10,48,8,maximize-smallest-sum,True,False,False,602981491005.0,0.0035235000000000127
10,48,8,maximize-smallest-sum,True,False,True,774147036056.0,0.0018322999999997869
10,48,9,maximize-smallest-sum,False,False,False,307712342683.0,0.01922849999999965
10,48,9,maximize-smallest-sum,False,False,True,250955144997.0,0.004966200000000143
10,48,9,maximize-smallest-sum,True,False,False,1233481256902.0,0.0016534999999997524
10,48,9,maximize-smallest-sum,True,False,True,1492045575665.0,0.004939699999999991
12,16,0,maximize-smallest-sum,False,False,False,16.0,0.11933080000000018
12,16,0,maximize-smallest-sum,False,False,True,64.0,0.008206099999999772
12,16,0,maximize-smallest-sum,True,False,False,34.0,0.010941199999999984
12,16,0,maximize-smallest-sum,True,False,True,216.0,0.008500299999999683
12,16,1,maximize-smallest-sum,False,False,False,18.0,0.08665389999999995
12,16,1,maximize-smallest-sum,False,False,True,47.0,0.02236690000000019
12,16,1,maximize-smallest-sum,True,False,False,172.0,0.0037517000000000245
12,16,1,maximize-smallest-sum,True,False,True,13.0,0.013305900000000204
12,16,2,maximize-smallest-sum,False,False,False,321.0,0.09034070000000005
12,16,2,maximize-smallest-sum,False,False,True,43.0,0.013433599999999934
12,16,2,maximize-smallest-sum,True,False,False,20.0,0.004395900000000008
12,16,2,maximize-smallest-sum,True,False,True,5.0,0.007706799999999792
12,16,3,maximize-smallest-sum,False,False,False,67.0,0.08912630000000021
12,16,3,maximize-smallest-sum,False,False,True,0.0,0.009637099999999954
12,16,3,maximize-smallest-sum,True,False,False,24.0,0.0031962000000000934
12,16,3,maximize-smallest-sum,True,False,True,129.0,0.006676499999999752
12,16,4,maximize-smallest-sum,False,False,False,193.0,0.06740099999999982
12,16,4,maximize-smallest-sum,False,False,True,30.0,0.0093078000000002
12,16,4,maximize-smallest-sum,True,False,False,128.0,0.005576099999999862
12,16,4,maximize-smallest-sum,True,False,True,153.0,0.009243899999999527
12,16,5,maximize-smallest-sum,False,False,False,131.0,0.07472069999999942
12,16,5,maximize-smallest-sum,False,False,True,26.0,0.016906099999999924
12,16,5,maximize-smallest-sum,True,False,False,900.0,0.003607099999999974
12,16,5,maximize-smallest-sum,True,False,True,84.0,0.005521500000000401
12,16,6,maximize-smallest-sum,False,False,False,25.0,0.07620439999999995
12,16,6,maximize-smallest-sum,False,False,True,33.0,0.01648639999999979
12,16,6,maximize-smallest-sum,True,False,False,19.0,0.0026457999999998094
12,16,6,maximize-smallest-sum,True,False,True,72.0,0.006656999999999691
12,16,7,maximize-smallest-sum,False,False,False,20.0,0.0700075
12,16,7,maximize-smallest-sum,False,False,True,107.0,0.010078299999999984
12,16,7,maximize-smallest-sum,True,False,False,68.0,0.00543490000000002
12,16,7,maximize-smallest-sum,True,False,True,108.0,0.008954899999999988
12,16,8,maximize-smallest-sum,False,False,False,13.0,0.07194840000000013
12,16,8,maximize-smallest-sum,False,False,True,61.0,0.02557849999999995
12,16,8,maximize-smallest-sum,True,False,False,20.0,0.00640770000000046
12,16,8,maximize-smallest-sum,True,False,True,5.0,0.005849699999999736
12,16,9,maximize-smallest-sum,False,False,False,26.0,0.07387659999999929
12,16,9,maximize-smallest-sum,False,False,True,113.0,0.017436599999999913
12,16,9,maximize-smallest-sum,True,False,False,10.0,0.006418900000000782
12,16,9,maximize-smallest-sum,True,False,True,7.0,0.0072478000000000264
12,32,0,maximize-smallest-sum,False,False,False,14933961.0,0.09082360000000023
12,32,0,maximize-smallest-sum,False,False,True,724910.0,0.007147500000000306
12,32,0,maximize-smallest-sum,True,False,False,23454777.0,0.003161199999999198
12,32,0,maximize-smallest-sum,True,False,True,4766464.0,0.004828700000000019
12,32,1,maximize-smallest-sum,False,False,False,1228396.0,0.07254020000000061
12,32,1,maximize-smallest-sum,False,False,True,3888635.0,0.01644660000000009
12,32,1,maximize-smallest-sum,True,False,False,12285237.0,0.0039309000000002925
12,32,1,maximize-smallest-sum,True,False,True,1459619.0,0.00988509999999998
12,32,2,maximize-smallest-sum,False,False,False,103814.0,0.07364480000000029
12,32,2,maximize-smallest-sum,False,False,True,5138844.0,0.014549399999999935
12,32,2,maximize-smallest-sum,True,False,False,1174265.0,0.006083900000000142
12,32,2,maximize-smallest-sum,True,False,True,2533106.0,0.0046646999999993
12,32,3,maximize-smallest-sum,False,False,False,9886327.0,0.07495449999999959
12,32,3,maximize-smallest-sum,False,False,True,3140509.0,0.014459800000000023
12,32,3,maximize-smallest-sum,True,False,False,9002673.0,0.0024538000000005056
12,32,3,maximize-smallest-sum,True,False,True,1083960.0,0.0068744999999994505
12,32,4,maximize-smallest-sum,False,False,False,5666503.0,0.06343540000000036
12,32,4,maximize-smallest-sum,False,False,True,768073.0,0.007907200000000003
12,32,4,maximize-smallest-sum,True,False,False,159088.0,0.0022650000000004056
12,32,4,maximize-smallest-sum,True,False,True,63912.0,0.003627899999999684
12,32,5,maximize-smallest-sum,False,False,False,5876406.0,0.07642520000000008
12,32,5,maximize-smallest-sum,False,False,True,3319656.0,0.013270399999999682
12,32,5,maximize-smallest-sum,True,False,False,8113877.0,0.004712400000000727
12,32,5,maximize-smallest-sum,True,False,True,7478025.0,0.00815419999999989
12,32,6,maximize-smallest-sum,False,False,False,1002426.0,0.06676760000000037
12,32,6,maximize-smallest-sum,False,False,True,848561.0,0.014690700000000056
12,32,6,maximize-smallest-sum,True,False,False,6128292.0,0.002477199999999513
12,32,6,maximize-smallest-sum,True,False,True,23809241.0,0.00900559999999917
12,32,7,maximize-smallest-sum,False,False,False,16016705.0,0.06262330000000027
12,32,7,maximize-smallest-sum,False,False,True,1254534.0,0.010605599999999882
12,32,7,maximize-smallest-sum,True,False,False,6295455.0,0.004219300000000814
12,32,7,maximize-smallest-sum,True,False,True,36084579.0,0.013810999999999574
12,32,8,maximize-smallest-sum,False,False,False,15717132.0,0.06551439999999964
12,32,8,maximize-smallest-sum,False,False,True,20449900.0,0.01718100000000078
12,32,8,maximize-smallest-sum,True,False,False,1410835.0,0.0026130000000001985
12,32,8,maximize-smallest-sum,True,False,True,5553593.0,0.006503399999999715
12,32,9,maximize-smallest-sum,False,False,False,2103625.0,0.07085289999999933
12,32,9,maximize-smallest-sum,False,False,True,14845898.0,0.00914469999999934
12,32,9,maximize-smallest-sum,True,False,False,17316938.0,0.011017499999999458
12,32,9,maximize-smallest-sum,True,False,True,6082537.0,0.017421699999999873
12,48,0,maximize-smallest-sum,False,False,False,393678501082.0,0.07246729999999957
12,48,0,maximize-smallest-sum,False,False,True,333620571277.0,0.011699000000000126
12,48,0,maximize-smallest-sum,True,False,False,378977543476.0,0.004318299999999553
12,48,0,maximize-smallest-sum,True,False,True,568770168188.0,0.003764899999999294
12,48,1,maximize-smallest-sum,False,False,False,46838842971.0,0.06258379999999963
12,48,1,maximize-smallest-sum,False,False,True,1284709454215.0,0.021378399999999687
12,48,1,maximize-smallest-sum,True,False,False,755914422467.0,0.006573700000000571
12,48,1,maximize-smallest-sum,True,False,True,270649573163.0,0.01639020000000002
12,48,2,maximize-smallest-sum,False,False,False,238620828886.0,0.08006880000000027
12,48,2,maximize-smallest-sum,False,False,True,621214711484.0,0.019288899999999387
12,48,2,maximize-smallest-sum,True,False,False,1189213344927.0,0.004423099999999458
12,48,2,maximize-smallest-sum,True,False,True,64553585641.0,0.009108499999999964
12,48,3,maximize-smallest-sum,False,False,False,650181364704.0,0.0701931999999994
12,48,3,maximize-smallest-sum,False,False,True,633968886389.0,0.011761700000000097
12,48,3,maximize-smallest-sum,True,False,False,788482983223.0,0.008510300000000193
12,48,3,maximize-smallest-sum,True,False,True,641238740150.0,0.008740199999999199
12,48,4,maximize-smallest-sum,False,False,False,914104840090.0,0.06467639999999975
12,48,4,maximize-smallest-sum,False,False,True,869042292009.0,0.01076119999999925
12,48,4,maximize-smallest-sum,True,False,False,432387913420.0,0.001564600000000027
12,48,4,maximize-smallest-sum,True,False,True,74244570108.0,0.004931199999999691
12,48,5,maximize-smallest-sum,False,False,False,335589149094.0,0.06537589999999938
12,48,5,maximize-smallest-sum,False,False,True,270227579688.0,0.009074099999999419
12,48,5,maximize-smallest-sum,True,False,False,184704287299.0,0.006627400000000172
12,48,5,maximize-smallest-sum,True,False,True,68741950024.0,0.01166260000000019
12,48,6,maximize-smallest-sum,False,False,False,96073583672.0,0.06331090000000028
12,48,6,maximize-smallest-sum,False,False,True,442996831616.0,0.013194399999999717
12,48,6,maximize-smallest-sum,True,False,False,40258059082.0,0.003452699999999531
12,48,6,maximize-smallest-sum,True,False,True,354872627640.0,0.01522649999999981
12,48,7,maximize-smallest-sum,False,False,False,170488955736.0,0.06325359999999947
12,48,7,maximize-smallest-sum,False,False,True,325885113583.0,0.009414199999999262
12,48,7,maximize-smallest-sum,True,False,False,29852905004.0,0.0034247000000000583
12,48,7,maximize-smallest-sum,True,False,True,8470630756.0,0.013926500000000175
12,48,8,maximize-smallest-sum,False,False,False,2981082223837.0,0.06246799999999997
12,48,8,maximize-smallest-sum,False,False,True,160842210991.0,0.013789000000000051
12,48,8,maximize-smallest-sum,True,False,False,90352641038.0,0.004749200000000009
12,48,8,maximize-smallest-sum,True,False,True,607209725957.0,0.005414899999999889
12,48,9,maximize-smallest-sum,False,False,False,345924862848.0,0.0640609999999997
12,48,9,maximize-smallest-sum,False,False,True,572722616476.0,0.016950099999999857
12,48,9,maximize-smallest-sum,True,False,False,27023589214.0,0.008544200000000224
12,48,9,maximize-smallest-sum,True,False,True,428580650180.0,0.0074120999999998105
14,16,0,maximize-smallest-sum,False,False,False,2.0,0.24015749999999958
14,16,0,maximize-smallest-sum,False,False,True,6.0,0.04199640000000038
14,16,0,maximize-smallest-sum,True,False,False,5.0,0.010112499999999969
14,16,0,maximize-smallest-sum,True,False,True,14.0,0.030770000000000408
14,16,1,maximize-smallest-sum,False,False,False,29.0,0.22678119999999957
14,16,1,maximize-smallest-sum,False,False,True,31.0,0.01927480000000159
14,16,1,maximize-smallest-sum,True,False,False,2.0,0.018820900000001473
14,16,1,maximize-smallest-sum,True,False,True,28.0,0.014242400000000544
14,16,2,maximize-smallest-sum,False,False,False,80.0,0.23775869999999877
14,16,2,maximize-smallest-sum,False,False,True,4.0,0.017396899999999604
14,16,2,maximize-smallest-sum,True,False,False,14.0,0.008751099999999568
14,16,2,maximize-smallest-sum,True,False,True,8.0,0.021826400000000135
14,16,3,maximize-smallest-sum,False,False,False,0.0,0.23021149999999935
14,16,3,maximize-smallest-sum,False,False,True,32.0,0.02895069999999933
14,16,3,maximize-smallest-sum,True,False,False,9.0,0.016205900000000995
14,16,3,maximize-smallest-sum,True,False,True,5.0,0.01362800000000064
14,16,4,maximize-smallest-sum,False,False,False,4.0,0.23472590000000082
14,16,4,maximize-smallest-sum,False,False,True,20.0,0.061628899999998765
14,16,4,maximize-smallest-sum,True,False,False,165.0,0.011672500000001307
14,16,4,maximize-smallest-sum,True,False,True,11.0,0.015215800000000002
14,16,5,maximize-smallest-sum,False,False,False,10.0,0.261376499999999
14,16,5,maximize-smallest-sum,False,False,True,23.0,0.030290000000000816
14,16,5,maximize-smallest-sum,True,False,False,20.0,0.01967480000000066
14,16,5,maximize-smallest-sum,True,False,True,5.0,0.03348519999999944
14,16,6,maximize-smallest-sum,False,False,False,32.0,0.2478005000000003
14,16,6,maximize-smallest-sum,False,False,True,15.0,0.04378320000000002
14,16,6,maximize-smallest-sum,True,False,False,10.0,0.014081199999999683
14,16,6,maximize-smallest-sum,True,False,True,3.0,0.03090940000000053
14,16,7,maximize-smallest-sum,False,False,False,11.0,0.23394039999999983
14,16,7,maximize-smallest-sum,False,False,True,23.0,0.031214000000000297
14,16,7,maximize-smallest-sum,True,False,False,21.0,0.020580400000000054
14,16,7,maximize-smallest-sum,True,False,True,8.0,0.01668040000000026
14,16,8,maximize-smallest-sum,False,False,False,61.0,0.23920699999999862
14,16,8,maximize-smallest-sum,False,False,True,2.0,0.031154100000000184
14,16,8,maximize-smallest-sum,True,False,False,60.0,0.008503599999999167
14,16,8,maximize-smallest-sum,True,False,True,17.0,0.01796579999999892
14,16,9,maximize-smallest-sum,False,False,False,25.0,0.23237999999999914
14,16,9,maximize-smallest-sum,False,False,True,6.0,0.040850800000001186
14,16,9,maximize-smallest-sum,True,False,False,9.0,0.024269000000000318
14,16,9,maximize-smallest-sum,True,False,True,6.0,0.01908049999999939
14,32,0,maximize-smallest-sum,False,False,False,1258619.0,0.23459240000000037
14,32,0,maximize-smallest-sum,False,False,True,8339863.0,0.03467830000000127
14,32,0,maximize-smallest-sum,True,False,False,59879.0,0.006163000000000807
14,32,0,maximize-smallest-sum,True,False,True,2224708.0,0.016206900000000246
14,32,1,maximize-smallest-sum,False,False,False,565078.0,0.23907349999999994
14,32,1,maximize-smallest-sum,False,False,True,103939.0,0.04449950000000058
14,32,1,maximize-smallest-sum,True,False,False,633898.0,0.009027500000000188
14,32,1,maximize-smallest-sum,True,False,True,548761.0,0.0067886000000001445
14,32,2,maximize-smallest-sum,False,False,False,1223250.0,0.23268529999999998
14,32,2,maximize-smallest-sum,False,False,True,2474601.0,0.03572260000000149
14,32,2,maximize-smallest-sum,True,False,False,515640.0,0.01702009999999987
14,32,2,maximize-smallest-sum,True,False,True,1267988.0,0.025690499999999616
14,32,3,maximize-smallest-sum,False,False,False,3358798.0,0.2437921000000003
14,32,3,maximize-smallest-sum,False,False,True,788486.0,0.022519799999999535
14,32,3,maximize-smallest-sum,True,False,False,315685.0,0.019553699999999452
14,32,3,maximize-smallest-sum,True,False,True,769574.0,0.026759199999998984
14,32,4,maximize-smallest-sum,False,False,False,1012272.0,0.24425390000000036
14,32,4,maximize-smallest-sum,False,False,True,2420079.0,0.024426500000000573
14,32,4,maximize-smallest-sum,True,False,False,609482.0,0.024899700000000635
14,32,4,maximize-smallest-sum,True,False,True,341659.0,0.015841299999999947
14,32,5,maximize-smallest-sum,False,False,False,814986.0,0.2448359
14,32,5,maximize-smallest-sum,False,False,True,5918460.0,0.023551499999999947
14,32,5,maximize-smallest-sum,True,False,False,2263238.0,0.010056399999999854
14,32,5,maximize-smallest-sum,True,False,True,1752230.0,0.018340099999999637
14,32,6,maximize-smallest-sum,False,False,False,2852305.0,0.2499438000000005
14,32,6,maximize-smallest-sum,False,False,True,337061.0,0.03635970000000022
14,32,6,maximize-smallest-sum,True,False,False,323535.0,0.014658100000000118
14,32,6,maximize-smallest-sum,True,False,True,870540.0,0.02751879999999929
14,32,7,maximize-smallest-sum,False,False,False,1429121.0,0.23182549999999935
14,32,7,maximize-smallest-sum,False,False,True,399408.0,0.028521299999999528
14,32,7,maximize-smallest-sum,True,False,False,485093.0,0.011609200000000541
14,32,7,maximize-smallest-sum,True,False,True,2569467.0,0.02278279999999988
14,32,8,maximize-smallest-sum,False,False,False,2474650.0,0.23253280000000132
14,32,8,maximize-smallest-sum,False,False,True,1596635.0,0.04547290000000004
14,32,8,maximize-smallest-sum,True,False,False,134847.0,0.011657200000000145
14,32,8,maximize-smallest-sum,True,False,True,2353395.0,0.024519800000000203
14,32,9,maximize-smallest-sum,False,False,False,664202.0,0.25231460000000006
14,32,9,maximize-smallest-sum,False,False,True,2735999.0,0.0263384999999996
14,32,9,maximize-smallest-sum,True,False,False,587759.0,0.013701000000001073
14,32,9,maximize-smallest-sum,True,False,True,55111.0,0.046115399999999696
14,48,0,maximize-smallest-sum,False,False,False,32029323802.0,0.22911940000000008
14,48,0,maximize-smallest-sum,False,False,True,60688985910.0,0.021456900000000445
14,48,0,maximize-smallest-sum,True,False,False,257965915108.0,0.01270849999999868
14,48,0,maximize-smallest-sum,True,False,True,19151649808.0,0.04900660000000023
14,48,1,maximize-smallest-sum,False,False,False,125628570166.0,0.24505549999999943
14,48,1,maximize-smallest-sum,False,False,True,7893729608.0,0.030407400000001417
14,48,1,maximize-smallest-sum,True,False,False,245853363631.0,0.008418199999999487
14,48,1,maximize-smallest-sum,True,False,True,17436865790.0,0.01676329999999915
14,48,2,maximize-smallest-sum,False,False,False,5163877913.0,0.2502917
14,48,2,maximize-smallest-sum,False,False,True,99278221404.0,0.04708600000000018
14,48,2,maximize-smallest-sum,True,False,False,44333324866.0,0.021418000000000603
14,48,2,maximize-smallest-sum,True,False,True,189000871094.0,0.031228199999997486
14,48,3,maximize-smallest-sum,False,False,False,11264895553.0,0.24092569999999824
14,48,3,maximize-smallest-sum,False,False,True,143086274757.0,0.020726299999999753
14,48,3,maximize-smallest-sum,True,False,False,53191956474.0,0.018186500000002326
14,48,3,maximize-smallest-sum,True,False,True,19348849403.0,0.03186610000000201
14,48,4,maximize-smallest-sum,False,False,False,236620786401.0,0.2520524000000002
14,48,4,maximize-smallest-sum,False,False,True,47329551412.0,0.03159160000000227
14,48,4,maximize-smallest-sum,True,False,False,72181463748.0,0.012344799999997491
14,48,4,maximize-smallest-sum,True,False,True,96329191878.0,0.02695120000000273
14,48,5,maximize-smallest-sum,False,False,False,102355128277.0,0.24357889999999927
14,48,5,maximize-smallest-sum,False,False,True,119080134101.0,0.03952870000000175
14,48,5,maximize-smallest-sum,True,False,False,86667159981.0,0.023995400000000444
14,48,5,maximize-smallest-sum,True,False,True,108822297373.0,0.0207324999999976
14,48,6,maximize-smallest-sum,False,False,False,89397820363.0,0.23571790000000092
14,48,6,maximize-smallest-sum,False,False,True,34016271067.0,0.022686200000002543
14,48,6,maximize-smallest-sum,True,False,False,29059716242.0,0.02001109999999784
14,48,6,maximize-smallest-sum,True,False,True,150295538601.0,0.013902399999999204
14,48,7,maximize-smallest-sum,False,False,False,156535470779.0,0.360631699999999
14,48,7,maximize-smallest-sum,False,False,True,18062141840.0,0.026649900000002447
14,48,7,maximize-smallest-sum,True,False,False,32172044108.0,0.021433699999999334
14,48,7,maximize-smallest-sum,True,False,True,192088232669.0,0.039211300000001614
14,48,8,maximize-smallest-sum,False,False,False,16324324194.0,0.24560780000000193
14,48,8,maximize-smallest-sum,False,False,True,69553024660.0,0.02481859999999969
14,48,8,maximize-smallest-sum,True,False,False,136470447456.0,0.027893399999999957
14,48,8,maximize-smallest-sum,True,False,True,52137487326.0,0.027477100000002253
14,48,9,maximize-smallest-sum,False,False,False,28797755461.0,0.26769390000000115
14,48,9,maximize-smallest-sum,False,False,True,99813826526.0,0.032287200000002514
14,48,9,maximize-smallest-sum,True,False,False,340839023489.0,0.015492399999999407
14,48,9,maximize-smallest-sum,True,False,True,152682737237.0,0.020322699999997695
16,16,0,maximize-smallest-sum,False,False,False,1.0,0.9288591000000004
16,16,0,maximize-smallest-sum,False,False,True,9.0,0.09045959999999909
16,16,0,maximize-smallest-sum,True,False,False,7.0,0.018955700000002906
16,16,0,maximize-smallest-sum,True,False,True,6.0,0.051584200000000635
16,16,1,maximize-smallest-sum,False,False,False,4.0,0.9049712999999997
16,16,1,maximize-smallest-sum,False,False,True,7.0,0.11053899999999928
16,16,1,maximize-smallest-sum,True,False,False,2.0,0.042615200000000186
16,16,1,maximize-smallest-sum,True,False,True,7.0,0.036527299999999485
16,16,2,maximize-smallest-sum,False,False,False,9.0,0.897455100000002
16,16,2,maximize-smallest-sum,False,False,True,0.0,0.01532720000000154
16,16,2,maximize-smallest-sum,True,False,False,1.0,0.04535070000000019
16,16,2,maximize-smallest-sum,True,False,True,1.0,0.013333800000001617
16,16,3,maximize-smallest-sum,False,False,False,10.0,1.025897999999998
16,16,3,maximize-smallest-sum,False,False,True,4.0,0.09946150000000031
16,16,3,maximize-smallest-sum,True,False,False,0.0,0.06156360000000305
16,16,3,maximize-smallest-sum,True,False,True,18.0,0.07948479999999947
16,16,4,maximize-smallest-sum,False,False,False,4.0,0.9315027000000029
16,16,4,maximize-smallest-sum,False,False,True,9.0,0.1245205000000027
16,16,4,maximize-smallest-sum,True,False,False,5.0,0.07629220000000103
16,16,4,maximize-smallest-sum,True,False,True,0.0,0.032820999999998435
16,16,5,maximize-smallest-sum,False,False,False,19.0,0.9878587000000003
16,16,5,maximize-smallest-sum,False,False,True,4.0,0.0907712000000025
16,16,5,maximize-smallest-sum,True,False,False,1.0,0.08343869999999853
16,16,5,maximize-smallest-sum,True,False,True,4.0,0.04578030000000055
16,16,6,maximize-smallest-sum,False,False,False,29.0,1.0196473000000026
16,16,6,maximize-smallest-sum,False,False,True,4.0,0.1727135000000004
16,16,6,maximize-smallest-sum,True,False,False,3.0,0.027620200000001205
16,16,6,maximize-smallest-sum,True,False,True,43.0,0.04912239999999812
16,16,7,maximize-smallest-sum,False,False,False,8.0,1.0385926000000012
16,16,7,maximize-smallest-sum,False,False,True,1.0,0.015123299999999062
16,16,7,maximize-smallest-sum,True,False,False,1.0,0.06405930000000026
16,16,7,maximize-smallest-sum,True,False,True,2.0,0.10069689999999909
16,16,8,maximize-smallest-sum,False,False,False,2.0,0.9582277000000019
16,16,8,maximize-smallest-sum,False,False,True,27.0,0.0740356999999996
16,16,8,maximize-smallest-sum,True,False,False,9.0,0.08432189999999906
16,16,8,maximize-smallest-sum,True,False,True,10.0,0.04358969999999829
16,16,9,maximize-smallest-sum,False,False,False,1.0,0.921993999999998
16,16,9,maximize-smallest-sum,False,False,True,5.0,0.20177099999999726
16,16,9,maximize-smallest-sum,True,False,False,1.0,0.06280549999999963
16,16,9,maximize-smallest-sum,True,False,True,15.0,0.08279759999999925
16,32,0,maximize-smallest-sum,False,False,False,264184.0,0.9345147000000011
16,32,0,maximize-smallest-sum,False,False,True,341000.0,0.0744691999999958
16,32,0,maximize-smallest-sum,True,False,False,19818.0,0.05289499999999947
16,32,0,maximize-smallest-sum,True,False,True,345825.0,0.09086040000000395
16,32,1,maximize-smallest-sum,False,False,False,108546.0,1.0933075000000017
16,32,1,maximize-smallest-sum,False,False,True,450612.0,0.07072300000000098
16,32,1,maximize-smallest-sum,True,False,False,867239.0,0.05711349999999982
16,32,1,maximize-smallest-sum,True,False,True,51638.0,0.06974570000000568
16,32,2,maximize-smallest-sum,False,False,False,168339.0,0.9487481999999972
16,32,2,maximize-smallest-sum,False,False,True,236170.0,0.05670099999999678
16,32,2,maximize-smallest-sum,True,False,False,136872.0,0.06127339999999748
16,32,2,maximize-smallest-sum,True,False,True,349535.0,0.07144639999999924
16,32,3,maximize-smallest-sum,False,False,False,177579.0,0.9162731999999991
16,32,3,maximize-smallest-sum,False,False,True,940234.0,0.13530039999999843
16,32,3,maximize-smallest-sum,True,False,False,550599.0,0.017521600000002024
16,32,3,maximize-smallest-sum,True,False,True,230028.0,0.047189699999997003
16,32,4,maximize-smallest-sum,False,False,False,190341.0,0.9280060999999975
16,32,4,maximize-smallest-sum,False,False,True,65499.0,0.06809289999999635
16,32,4,maximize-smallest-sum,True,False,False,120458.0,0.029517900000001873
16,32,4,maximize-smallest-sum,True,False,True,355110.0,0.08942270000000008
16,32,5,maximize-smallest-sum,False,False,False,192350.0,1.001184000000002
16,32,5,maximize-smallest-sum,False,False,True,355561.0,0.09390719999999675
16,32,5,maximize-smallest-sum,True,False,False,147709.0,0.03187290000000331
16,32,5,maximize-smallest-sum,True,False,True,223718.0,0.07047930000000235
16,32,6,maximize-smallest-sum,False,False,False,460422.0,0.9087186000000003
16,32,6,maximize-smallest-sum,False,False,True,2813022.0,0.17255719999999997
16,32,6,maximize-smallest-sum,True,False,False,15897.0,0.03085190000000182
16,32,6,maximize-smallest-sum,True,False,True,26831.0,0.0935945000000018
16,32,7,maximize-smallest-sum,False,False,False,570089.0,0.9460549
16,32,7,maximize-smallest-sum,False,False,True,700890.0,0.2557029999999969
16,32,7,maximize-smallest-sum,True,False,False,368546.0,0.03408579999999972
16,32,7,maximize-smallest-sum,True,False,True,366924.0,0.06051199999999568
16,32,8,maximize-smallest-sum,False,False,False,262972.0,0.9206608000000003
16,32,8,maximize-smallest-sum,False,False,True,576522.0,0.07087220000000372
16,32,8,maximize-smallest-sum,True,False,False,411778.0,0.09020340000000004
16,32,8,maximize-smallest-sum,True,False,True,65412.0,0.08445800000000503
16,32,9,maximize-smallest-sum,False,False,False,6264.0,0.9415720000000007
16,32,9,maximize-smallest-sum,False,False,True,238794.0,0.027803300000002196
16,32,9,maximize-smallest-sum,True,False,False,398009.0,0.02205449999999587
16,32,9,maximize-smallest-sum,True,False,True,170733.0,0.03958029999999724
16,48,0,maximize-smallest-sum,False,False,False,39738226806.0,1.0812577000000019
16,48,0,maximize-smallest-sum,False,False,True,10833246875.0,0.06722580000000278
16,48,0,maximize-smallest-sum,True,False,False,25966724389.0,0.02851880000000051
16,48,0,maximize-smallest-sum,True,False,True,30635244340.0,0.08159849999999835
16,48,1,maximize-smallest-sum,False,False,False,9610771232.0,0.8817616999999984
16,48,1,maximize-smallest-sum,False,False,True,4977808232.0,0.12256499999999448
16,48,1,maximize-smallest-sum,True,False,False,14520971605.0,0.044019599999998604
16,48,1,maximize-smallest-sum,True,False,True,8859716518.0,0.05147119999999461
16,48,2,maximize-smallest-sum,False,False,False,2984805638.0,1.0276090999999994
16,48,2,maximize-smallest-sum,False,False,True,45419209802.0,0.09748259999999931
16,48,2,maximize-smallest-sum,True,False,False,14794858415.0,0.06412509999999827
16,48,2,maximize-smallest-sum,True,False,True,67265517497.0,0.1039519999999996
16,48,3,maximize-smallest-sum,False,False,False,1677210122.0,0.9694847000000024
16,48,3,maximize-smallest-sum,False,False,True,69665322767.0,0.14794659999999737
16,48,3,maximize-smallest-sum,True,False,False,5812490100.0,0.03891889999999876
16,48,3,maximize-smallest-sum,True,False,True,33653634726.0,0.02247520000000236
16,48,4,maximize-smallest-sum,False,False,False,3341376013.0,1.0441367000000028
16,48,4,maximize-smallest-sum,False,False,True,3143156362.0,0.11971240000000449
16,48,4,maximize-smallest-sum,True,False,False,25074748893.0,0.03166579999999897
16,48,4,maximize-smallest-sum,True,False,True,15098913165.0,0.05024389999999812
16,48,5,maximize-smallest-sum,False,False,False,18659969521.0,0.9555263000000025
16,48,5,maximize-smallest-sum,False,False,True,8075823242.0,0.06842269999999928
16,48,5,maximize-smallest-sum,True,False,False,8603304658.0,0.04339639999999889
16,48,5,maximize-smallest-sum,True,False,True,7609874656.0,0.05173879999999542
16,48,6,maximize-smallest-sum,False,False,False,2497092665.0,0.9291826000000043
16,48,6,maximize-smallest-sum,False,False,True,46776346140.0,0.06493859999999785
16,48,6,maximize-smallest-sum,True,False,False,21018150378.0,0.027250999999999692
16,48,6,maximize-smallest-sum,True,False,True,4922178193.0,0.12670819999999594
16,48,7,maximize-smallest-sum,False,False,False,13712527164.0,0.915269600000002
16,48,7,maximize-smallest-sum,False,False,True,34694061554.0,0.0589206999999945
16,48,7,maximize-smallest-sum,True,False,False,14823673217.0,0.0689101999999977
16,48,7,maximize-smallest-sum,True,False,True,43316425223.0,0.01939920000000228
16,48,8,maximize-smallest-sum,False,False,False,893556573.0,1.0308611999999968
16,48,8,maximize-smallest-sum,False,False,True,3560481854.0,0.1768884999999969
16,48,8,maximize-smallest-sum,True,False,False,16136951765.0,0.045444099999997434
16,48,8,maximize-smallest-sum,True,False,True,3599372175.0,0.07113449999999943
16,48,9,maximize-smallest-sum,False,False,False,36842547492.0,0.9426853000000008
16,48,9,maximize-smallest-sum,False,False,True,17828752790.0,0.1461548999999991
16,48,9,maximize-smallest-sum,True,False,False,2972971692.0,0.035462100000003716
16,48,9,maximize-smallest-sum,True,False,True,5686812261.0,0.14481569999999522
18,16,0,maximize-smallest-sum,False,False,False,2.0,3.8874138999999985
18,16,0,maximize-smallest-sum,False,False,True,1.0,0.21635729999999853
18,16,0,maximize-smallest-sum,True,False,False,3.0,0.13619680000000045
18,16,0,maximize-smallest-sum,True,False,True,0.0,0.05041230000000496
18,16,1,maximize-smallest-sum,False,False,False,5.0,3.5534757
18,16,1,maximize-smallest-sum,False,False,True,2.0,0.45741379999999054
18,16,1,maximize-smallest-sum,True,False,False,1.0,0.11341640000000552
18,16,1,maximize-smallest-sum,True,False,True,0.0,0.2222713999999968
18,16,2,maximize-smallest-sum,False,False,False,0.0,3.7297307999999987
18,16,2,maximize-smallest-sum,False,False,True,1.0,0.006084600000008322
18,16,2,maximize-smallest-sum,True,False,False,1.0,0.3309418999999991
18,16,2,maximize-smallest-sum,True,False,True,1.0,0.12379730000000677
18,16,3,maximize-smallest-sum,False,False,False,7.0,3.7723351000000065
18,16,3,maximize-smallest-sum,False,False,True,0.0,0.009905899999992585
18,16,3,maximize-smallest-sum,True,False,False,1.0,0.36216829999999334
18,16,3,maximize-smallest-sum,True,False,True,2.0,0.1479862000000054
18,16,4,maximize-smallest-sum,False,False,False,2.0,3.638172499999996
18,16,4,maximize-smallest-sum,False,False,True,1.0,0.08442639999999813
18,16,4,maximize-smallest-sum,True,False,False,2.0,0.2104613999999998
18,16,4,maximize-smallest-sum,True,False,True,1.0,0.005110500000000684
18,16,5,maximize-smallest-sum,False,False,False,1.0,3.779096299999992
18,16,5,maximize-smallest-sum,False,False,True,1.0,0.041515000000003965
18,16,5,maximize-smallest-sum,True,False,False,1.0,0.21417029999999215
18,16,5,maximize-smallest-sum,True,False,True,5.0,0.24942329999998947
18,16,6,maximize-smallest-sum,False,False,False,0.0,3.6133238000000034
18,16,6,maximize-smallest-sum,False,False,True,1.0,0.12374169999999651
18,16,6,maximize-smallest-sum,True,False,False,0.0,0.10134029999998972
18,16,6,maximize-smallest-sum,True,False,True,2.0,0.23737090000000194
18,16,7,maximize-smallest-sum,False,False,False,1.0,3.7763908000000015
18,16,7,maximize-smallest-sum,False,False,True,1.0,0.3060380000000009
18,16,7,maximize-smallest-sum,True,False,False,3.0,0.13854499999999348
18,16,7,maximize-smallest-sum,True,False,True,0.0,0.21941720000000942
18,16,8,maximize-smallest-sum,False,False,False,2.0,3.798472999999987
18,16,8,maximize-smallest-sum,False,False,True,0.0,0.20803610000000106
18,16,8,maximize-smallest-sum,True,False,False,0.0,0.12525630000000376
18,16,8,maximize-smallest-sum,True,False,True,1.0,0.07760170000000244
18,16,9,maximize-smallest-sum,False,False,False,2.0,4.206950000000006
18,16,9,maximize-smallest-sum,False,False,True,2.0,0.16610179999999275
18,16,9,maximize-smallest-sum,True,False,False,2.0,0.05762690000000248
18,16,9,maximize-smallest-sum,True,False,True,2.0,0.31090030000000013
18,32,0,maximize-smallest-sum,False,False,False,257000.0,3.7669130000000024
18,32,0,maximize-smallest-sum,False,False,True,24571.0,0.5007949999999965
18,32,0,maximize-smallest-sum,True,False,False,190313.0,0.17969040000001257
18,32,0,maximize-smallest-sum,True,False,True,13484.0,0.2559224000000029
18,32,1,maximize-smallest-sum,False,False,False,10895.0,3.9461259000000126
18,32,1,maximize-smallest-sum,False,False,True,88547.0,0.48130790000000445
18,32,1,maximize-smallest-sum,True,False,False,11070.0,0.11103349999999068
18,32,1,maximize-smallest-sum,True,False,True,88891.0,0.22615679999999827
18,32,2,maximize-smallest-sum,False,False,False,72378.0,3.9393295999999935
18,32,2,maximize-smallest-sum,False,False,True,412871.0,0.1018889999999999
18,32,2,maximize-smallest-sum,True,False,False,4589.0,0.10815919999998869
18,32,2,maximize-smallest-sum,True,False,True,29296.0,0.06731510000000185
18,32,3,maximize-smallest-sum,False,False,False,34037.0,3.9395224000000013
18,32,3,maximize-smallest-sum,False,False,True,86188.0,0.4690832999999941
18,32,3,maximize-smallest-sum,True,False,False,54843.0,0.20165819999999712
18,32,3,maximize-smallest-sum,True,False,True,456362.0,0.3978497999999888
18,32,4,maximize-smallest-sum,False,False,False,69985.0,4.456132999999994
18,32,4,maximize-smallest-sum,False,False,True,118816.0,0.3873384000000044
18,32,4,maximize-smallest-sum,True,False,False,124137.0,0.0867937000000012
18,32,4,maximize-smallest-sum,True,False,True,1044.0,0.1254509999999982
18,32,5,maximize-smallest-sum,False,False,False,94671.0,3.6123956999999933
18,32,5,maximize-smallest-sum,False,False,True,20207.0,0.26704049999999313
18,32,5,maximize-smallest-sum,True,False,False,14940.0,0.06253259999999727
18,32,5,maximize-smallest-sum,True,False,True,186483.0,0.09641759999999522
18,32,6,maximize-smallest-sum,False,False,False,42965.0,3.434557099999992
18,32,6,maximize-smallest-sum,False,False,True,74363.0,0.4599216999999953
18,32,6,maximize-smallest-sum,True,False,False,6282.0,0.20509669999998437
18,32,6,maximize-smallest-sum,True,False,True,136458.0,0.35838670000001116
18,32,7,maximize-smallest-sum,False,False,False,72433.0,3.472005899999999
18,32,7,maximize-smallest-sum,False,False,True,85602.0,0.23112390000000005
18,32,7,maximize-smallest-sum,True,False,False,157664.0,0.10347830000000613
18,32,7,maximize-smallest-sum,True,False,True,166517.0,0.27800229999999715
18,32,8,maximize-smallest-sum,False,False,False,10572.0,3.6006246999999973
18,32,8,maximize-smallest-sum,False,False,True,248024.0,0.5025451999999859
18,32,8,maximize-smallest-sum,True,False,False,63999.0,0.16411969999998632
18,32,8,maximize-smallest-sum,True,False,True,84961.0,0.5398074000000008
18,32,9,maximize-smallest-sum,False,False,False,188871.0,3.300242400000002
18,32,9,maximize-smallest-sum,False,False,True,14529.0,0.35006650000002537
18,32,9,maximize-smallest-sum,True,False,False,102623.0,0.05933229999999412
18,32,9,maximize-smallest-sum,True,False,True,15130.0,0.2091120999999987
18,48,0,maximize-smallest-sum,False,False,False,1789255516.0,3.212186399999979
18,48,0,maximize-smallest-sum,False,False,True,10360917482.0,0.14845809999999915
18,48,0,maximize-smallest-sum,True,False,False,11109641670.0,0.08723989999998594
18,48,0,maximize-smallest-sum,True,False,True,16750149689.0,0.2704270000000122
18,48,1,maximize-smallest-sum,False,False,False,24005308379.0,3.2676217000000065
18,48,1,maximize-smallest-sum,False,False,True,2990237692.0,0.2933261000000016
18,48,1,maximize-smallest-sum,True,False,False,4427367332.0,0.05487569999999664
18,48,1,maximize-smallest-sum,True,False,True,8795178656.0,0.19839880000000676
18,48,2,maximize-smallest-sum,False,False,False,1955539622.0,3.322564799999981
18,48,2,maximize-smallest-sum,False,False,True,7958874328.0,0.2649988999999948
18,48,2,maximize-smallest-sum,True,False,False,16726387763.0,0.10028729999999086
18,48,2,maximize-smallest-sum,True,False,True,6965554226.0,0.2517375000000186
18,48,3,maximize-smallest-sum,False,False,False,701960566.0,3.295635300000015
18,48,3,maximize-smallest-sum,False,False,True,4952201170.0,0.21618509999998992
18,48,3,maximize-smallest-sum,True,False,False,3716080789.0,0.05637520000001928
18,48,3,maximize-smallest-sum,True,False,True,2130402579.0,0.14798039999999446
18,48,4,maximize-smallest-sum,False,False,False,9536179056.0,3.2468432000000007
18,48,4,maximize-smallest-sum,False,False,True,8154924466.0,0.16382139999998913
18,48,4,maximize-smallest-sum,True,False,False,2766489451.0,0.10513779999999429
18,48,4,maximize-smallest-sum,True,False,True,15225669704.0,0.14632800000001112
18,48,5,maximize-smallest-sum,False,False,False,1424645420.0,3.1942228000000057
18,48,5,maximize-smallest-sum,False,False,True,403912606.0,0.46676060000001485
18,48,5,maximize-smallest-sum,True,False,False,1430887606.0,0.09287159999999517
18,48,5,maximize-smallest-sum,True,False,True,9031325343.0,0.07970530000000053
18,48,6,maximize-smallest-sum,False,False,False,8541416340.0,3.223411999999996
18,48,6,maximize-smallest-sum,False,False,True,1824041765.0,0.15247949999999832
18,48,6,maximize-smallest-sum,True,False,False,13807701225.0,0.22315380000000573
18,48,6,maximize-smallest-sum,True,False,True,5686963598.0,0.18865109999998708
18,48,7,maximize-smallest-sum,False,False,False,13820572019.0,3.2291435999999862
18,48,7,maximize-smallest-sum,False,False,True,7987518816.0,0.28321499999998423
18,48,7,maximize-smallest-sum,True,False,False,33733822495.0,0.14753499999997643
18,48,7,maximize-smallest-sum,True,False,True,811276763.0,0.10403180000000134
18,48,8,maximize-smallest-sum,False,False,False,3892555568.0,3.1988299999999867
18,48,8,maximize-smallest-sum,False,False,True,11880550267.0,0.7214780000000189
18,48,8,maximize-smallest-sum,True,False,False,6992636614.0,0.13334270000001425
18,48,8,maximize-smallest-sum,True,False,True,2131760828.0,0.08069679999999835
18,48,9,maximize-smallest-sum,False,False,False,14171468190.0,3.3012567000000104
18,48,9,maximize-smallest-sum,False,False,True,3626872154.0,0.3933533000000011
18,48,9,maximize-smallest-sum,True,False,False,5465422192.0,0.14646840000000338
18,48,9,maximize-smallest-sum,True,False,True,3154649162.0,0.18460400000000732
20,16,0,maximize-smallest-sum,False,False,False,1.0,13.0627815
20,16,0,maximize-smallest-sum,False,False,True,0.0,0.41717639999998823
20,16,0,maximize-smallest-sum,True,False,False,0.0,0.5715458999999896
20,16,0,maximize-smallest-sum,True,False,True,1.0,0.04678290000001084
20,16,1,maximize-smallest-sum,False,False,False,0.0,13.621498099999997
20,16,1,maximize-smallest-sum,False,False,True,0.0,0.8524526999999864
20,16,1,maximize-smallest-sum,True,False,False,1.0,0.4474196999999833
20,16,1,maximize-smallest-sum,True,False,True,1.0,0.20166340000000105
20,16,2,maximize-smallest-sum,False,False,False,1.0,13.327113400000002
20,16,2,maximize-smallest-sum,False,False,True,1.0,0.07968489999998951
20,16,2,maximize-smallest-sum,True,False,False,0.0,0.26748899999998343
20,16,2,maximize-smallest-sum,True,False,True,1.0,0.048041699999998855
20,16,3,maximize-smallest-sum,False,False,False,0.0,13.068964099999988
20,16,3,maximize-smallest-sum,False,False,True,1.0,0.028817300000014257
20,16,3,maximize-smallest-sum,True,False,False,2.0,0.2942177999999842
20,16,3,maximize-smallest-sum,True,False,True,1.0,0.012211000000007743
20,16,4,maximize-smallest-sum,False,False,False,0.0,13.294136600000002
20,16,4,maximize-smallest-sum,False,False,True,0.0,0.11171970000000897
20,16,4,maximize-smallest-sum,True,False,False,0.0,0.1909707999999739
20,16,4,maximize-smallest-sum,True,False,True,2.0,0.24420859999997901
20,16,5,maximize-smallest-sum,False,False,False,0.0,13.188020999999992
20,16,5,maximize-smallest-sum,False,False,True,0.0,0.0023463999999648877
20,16,5,maximize-smallest-sum,True,False,False,0.0,0.5837257000000022
20,16,5,maximize-smallest-sum,True,False,True,1.0,0.05643129999998564
20,16,6,maximize-smallest-sum,False,False,False,1.0,13.429403100000002
20,16,6,maximize-smallest-sum,False,False,True,0.0,0.2867726999999718
20,16,6,maximize-smallest-sum,True,False,False,1.0,0.18037970000000314
20,16,6,maximize-smallest-sum,True,False,True,1.0,0.7506506000000286
20,16,7,maximize-smallest-sum,False,False,False,1.0,13.188535000000002
20,16,7,maximize-smallest-sum,False,False,True,1.0,0.14732780000002776
20,16,7,maximize-smallest-sum,True,False,False,1.0,0.2512674999999831
20,16,7,maximize-smallest-sum,True,False,True,0.0,0.39386769999998705
20,16,8,maximize-smallest-sum,False,False,False,1.0,13.149798400000009
20,16,8,maximize-smallest-sum,False,False,True,0.0,0.030696300000045085
20,16,8,maximize-smallest-sum,True,False,False,0.0,0.5038670999999795
20,16,8,maximize-smallest-sum,True,False,True,0.0,0.1652369000000249
20,16,9,maximize-smallest-sum,False,False,False,1.0,13.28604039999999
20,16,9,maximize-smallest-sum,False,False,True,1.0,0.16801720000000842
20,16,9,maximize-smallest-sum,True,False,False,0.0,0.435284299999978
20,16,9,maximize-smallest-sum,True,False,True,0.0,0.238153900000043
20,32,0,maximize-smallest-sum,False,False,False,25434.0,13.15192079999997
20,32,0,maximize-smallest-sum,False,False,True,21438.0,1.4667506000000117
20,32,0,maximize-smallest-sum,True,False,False,19422.0,0.32958569999999554
20,32,0,maximize-smallest-sum,True,False,True,16852.0,0.7832562000000394
20,32,1,maximize-smallest-sum,False,False,False,51362.0,12.98258450000003
20,32,1,maximize-smallest-sum,False,False,True,1120.0,2.1246435999999562
20,32,1,maximize-smallest-sum,True,False,False,597.0,0.374120400000038
20,32,1,maximize-smallest-sum,True,False,True,62868.0,0.9982962999999927
20,32,2,maximize-smallest-sum,False,False,False,34831.0,13.218552699999975
20,32,2,maximize-smallest-sum,False,False,True,1656.0,1.166443500000014
20,32,2,maximize-smallest-sum,True,False,False,20902.0,0.550102900000013
20,32,2,maximize-smallest-sum,True,False,True,18966.0,0.4413101000000097
20,32,3,maximize-smallest-sum,False,False,False,13896.0,13.297316799999976
20,32,3,maximize-smallest-sum,False,False,True,3542.0,2.530905799999971
20,32,3,maximize-smallest-sum,True,False,False,1007.0,0.6922440999999822
20,32,3,maximize-smallest-sum,True,False,True,14298.0,0.7953354999999647
20,32,4,maximize-smallest-sum,False,False,False,9235.0,13.214923499999998
20,32,4,maximize-smallest-sum,False,False,True,16163.0,0.8442770999999993
20,32,4,maximize-smallest-sum,True,False,False,10331.0,0.581410099999971
20,32,4,maximize-smallest-sum,True,False,True,10314.0,0.22502600000001394
20,32,5,maximize-smallest-sum,False,False,False,22177.0,13.13090520000003
20,32,5,maximize-smallest-sum,False,False,True,7657.0,1.0546388000000206
20,32,5,maximize-smallest-sum,True,False,False,15783.0,0.9161566000000221
20,32,5,maximize-smallest-sum,True,False,True,44486.0,1.043975899999964
20,32,6,maximize-smallest-sum,False,False,False,30381.0,13.11432510000003
20,32,6,maximize-smallest-sum,False,False,True,2269.0,0.9354860999999914
20,32,6,maximize-smallest-sum,True,False,False,892.0,0.40359829999999874
20,32,6,maximize-smallest-sum,True,False,True,73689.0,0.46387520000001814
20,32,7,maximize-smallest-sum,False,False,False,19000.0,13.20803589999997
20,32,7,maximize-smallest-sum,False,False,True,2680.0,1.4441699000000199
20,32,7,maximize-smallest-sum,True,False,False,29411.0,0.1867510000000152
20,32,7,maximize-smallest-sum,True,False,True,42709.0,1.052450399999998
20,32,8,maximize-smallest-sum,False,False,False,42169.0,13.253746000000035
20,32,8,maximize-smallest-sum,False,False,True,34370.0,0.7108728000000042
20,32,8,maximize-smallest-sum,True,False,False,1995.0,0.350372899999968
20,32,8,maximize-smallest-sum,True,False,True,3595.0,0.75296000000003
20,32,9,maximize-smallest-sum,False,False,False,35001.0,13.108184800000004
20,32,9,maximize-smallest-sum,False,False,True,18603.0,0.9899690000000305
20,32,9,maximize-smallest-sum,True,False,False,4948.0,0.6106371000000195
20,32,9,maximize-smallest-sum,True,False,True,5985.0,0.5545688999999925
20,48,0,maximize-smallest-sum,False,False,False,536836414.0,13.3346765
20,48,0,maximize-smallest-sum,False,False,True,5375084372.0,1.808010299999978
20,48,0,maximize-smallest-sum,True,False,False,1486196425.0,0.7599129999999832
20,48,0,maximize-smallest-sum,True,False,True,250936640.0,0.2534468999999717
20,48,1,maximize-smallest-sum,False,False,False,3306228034.0,13.283532999999977
20,48,1,maximize-smallest-sum,False,False,True,5287618760.0,1.0176239999999552
20,48,1,maximize-smallest-sum,True,False,False,603357481.0,0.3876121000000694
20,48,1,maximize-smallest-sum,True,False,True,1678451245.0,0.7984414999999672
20,48,2,maximize-smallest-sum,False,False,False,1326585615.0,13.172899299999926
20,48,2,maximize-smallest-sum,False,False,True,1952558216.0,0.43000420000009854
20,48,2,maximize-smallest-sum,True,False,False,439945383.0,0.437742700000058
20,48,2,maximize-smallest-sum,True,False,True,3524550425.0,1.2005858999999646
20,48,3,maximize-smallest-sum,False,False,False,577723644.0,13.103076200000032
20,48,3,maximize-smallest-sum,False,False,True,221375675.0,0.855657400000041
20,48,3,maximize-smallest-sum,True,False,False,2300884624.0,0.14777959999992163
20,48,3,maximize-smallest-sum,True,False,True,1769644955.0,0.4538124999999127
20,48,4,maximize-smallest-sum,False,False,False,270144684.0,13.050667699999963
20,48,4,maximize-smallest-sum,False,False,True,228867056.0,0.8719277000000147
20,48,4,maximize-smallest-sum,True,False,False,3698337548.0,0.3124735999999757
20,48,4,maximize-smallest-sum,True,False,True,1818864088.0,0.34460699999999633
20,48,5,maximize-smallest-sum,False,False,False,4587421748.0,13.34034470000006
20,48,5,maximize-smallest-sum,False,False,True,443187089.0,1.5345776999999998
20,48,5,maximize-smallest-sum,True,False,False,56331550.0,0.7337206999999353
20,48,5,maximize-smallest-sum,True,False,True,1470366935.0,0.7174487999999428
20,48,6,maximize-smallest-sum,False,False,False,65811066.0,13.199607799999967
20,48,6,maximize-smallest-sum,False,False,True,709152357.0,1.5310195000000704
20,48,6,maximize-smallest-sum,True,False,False,5954593479.0,0.3612911999999824
20,48,6,maximize-smallest-sum,True,False,True,430084870.0,0.3296558999999206
20,48,7,maximize-smallest-sum,False,False,False,6740220421.0,13.13237939999999
20,48,7,maximize-smallest-sum,False,False,True,450090663.0,1.3104436999999507
20,48,7,maximize-smallest-sum,True,False,False,911696909.0,0.09545860000002904
20,48,7,maximize-smallest-sum,True,False,True,206285389.0,1.667590099999984
20,48,8,maximize-smallest-sum,False,False,False,1097769335.0,12.897172100000034
20,48,8,maximize-smallest-sum,False,False,True,636211858.0,1.1392906999999468
20,48,8,maximize-smallest-sum,True,False,False,3678321850.0,0.474914799999965
20,48,8,maximize-smallest-sum,True,False,True,3721850007.0,0.6130929000000833
20,48,9,maximize-smallest-sum,False,False,False,86150467.0,12.264016100000049
20,48,9,maximize-smallest-sum,False,False,True,876074404.0,1.7042496000000256
20,48,9,maximize-smallest-sum,True,False,False,5445073685.0,0.40081689999999526
20,48,9,maximize-smallest-sum,True,False,True,1948263720.0,0.4080827999999883
22,16,0,maximize-smallest-sum,False,False,False,1.0,30.000113299999953
22,16,0,maximize-smallest-sum,False,False,True,1.0,0.14425789999995686
22,16,0,maximize-smallest-sum,True,False,False,1.0,1.559692000000041
22,16,0,maximize-smallest-sum,True,False,True,0.0,0.10621469999989586
22,16,1,maximize-smallest-sum,False,False,True,0.0,0.1724639000000252
22,16,1,maximize-smallest-sum,True,False,False,1.0,1.633191199999942
22,16,1,maximize-smallest-sum,True,False,True,0.0,0.06337189999999282
22,16,2,maximize-smallest-sum,False,False,True,0.0,0.06209760000001552
22,16,2,maximize-smallest-sum,True,False,False,1.0,0.7609592000000021
22,16,2,maximize-smallest-sum,True,False,True,1.0,0.16691129999992427
22,16,3,maximize-smallest-sum,False,False,True,1.0,0.06483990000003814
22,16,3,maximize-smallest-sum,True,False,False,0.0,2.6159882999999127
22,16,3,maximize-smallest-sum,True,False,True,1.0,0.005166099999996732
22,16,4,maximize-smallest-sum,False,False,True,0.0,0.03787190000002738
22,16,4,maximize-smallest-sum,True,False,False,0.0,0.6110118000000284
22,16,4,maximize-smallest-sum,True,False,True,0.0,0.6552199000000201
22,16,5,maximize-smallest-sum,False,False,True,0.0,0.20872469999994792
22,16,5,maximize-smallest-sum,True,False,False,0.0,0.5881458999999722
22,16,5,maximize-smallest-sum,True,False,True,1.0,0.05095449999998891
22,16,6,maximize-smallest-sum,False,False,True,1.0,0.22766169999999875
22,16,6,maximize-smallest-sum,True,False,False,0.0,1.0841721000000462
22,16,6,maximize-smallest-sum,True,False,True,1.0,0.00870709999992414
22,16,7,maximize-smallest-sum,False,False,True,0.0,0.021788000000015018
22,16,7,maximize-smallest-sum,True,False,False,1.0,1.2939548000000514
22,16,7,maximize-smallest-sum,True,False,True,1.0,0.08553229999995438
22,16,8,maximize-smallest-sum,False,False,True,1.0,0.2573823000000175
22,16,8,maximize-smallest-sum,True,False,False,0.0,1.350816000000009
22,16,8,maximize-smallest-sum,True,False,True,1.0,0.06796440000005077
22,16,9,maximize-smallest-sum,False,False,True,1.0,0.03643410000006497
22,16,9,maximize-smallest-sum,True,False,False,1.0,1.9044083
22,16,9,maximize-smallest-sum,True,False,True,1.0,0.16387159999999312
22,32,0,maximize-smallest-sum,False,False,True,10432.0,5.060060799999974
22,32,0,maximize-smallest-sum,True,False,False,2208.0,0.7198736999999937
22,32,0,maximize-smallest-sum,True,False,True,10047.0,1.1682475000000068
22,32,1,maximize-smallest-sum,False,False,True,5561.0,7.246675600000003
22,32,1,maximize-smallest-sum,True,False,False,11769.0,0.9034192999999959
22,32,1,maximize-smallest-sum,True,False,True,4764.0,1.0263131000000385
22,32,2,maximize-smallest-sum,False,False,True,6804.0,5.101138200000037
22,32,2,maximize-smallest-sum,True,False,False,2306.0,1.809727799999905
22,32,2,maximize-smallest-sum,True,False,True,6262.0,2.5221897999999783
22,32,3,maximize-smallest-sum,False,False,True,1537.0,7.731122600000049
22,32,3,maximize-smallest-sum,True,False,False,5838.0,3.430833899999925
22,32,3,maximize-smallest-sum,True,False,True,3618.0,2.0643883000000187
22,32,4,maximize-smallest-sum,False,False,True,1113.0,1.6209274999999934
22,32,4,maximize-smallest-sum,True,False,False,3575.0,0.8066465000000562
22,32,4,maximize-smallest-sum,True,False,True,3644.0,1.522551099999987
22,32,5,maximize-smallest-sum,False,False,True,1035.0,5.082010500000024
22,32,5,maximize-smallest-sum,True,False,False,3062.0,1.049395699999991
22,32,5,maximize-smallest-sum,True,False,True,3362.0,1.6693139000000201
22,32,6,maximize-smallest-sum,False,False,True,7518.0,1.451872299999991
22,32,6,maximize-smallest-sum,True,False,False,1264.0,3.5827333999999382
22,32,6,maximize-smallest-sum,True,False,True,16200.0,3.0893290000000206
22,32,7,maximize-smallest-sum,False,False,True,7386.0,2.517825200000061
22,32,7,maximize-smallest-sum,True,False,False,23202.0,0.6583487999999988
22,32,7,maximize-smallest-sum,True,False,True,1409.0,1.387665200000015
22,32,8,maximize-smallest-sum,False,False,True,10610.0,4.206016599999998
22,32,8,maximize-smallest-sum,True,False,False,1365.0,0.9799147999999605
22,32,8,maximize-smallest-sum,True,False,True,6122.0,0.9790093000000297
22,32,9,maximize-smallest-sum,False,False,True,3993.0,3.064160099999981
22,32,9,maximize-smallest-sum,True,False,False,5022.0,1.7271001000000297
22,32,9,maximize-smallest-sum,True,False,True,1567.0,2.023147100000074
22,48,0,maximize-smallest-sum,False,False,True,558112910.0,3.165178400000059
22,48,0,maximize-smallest-sum,True,False,False,111372457.0,1.1681460999999445
22,48,0,maximize-smallest-sum,True,False,True,912406254.0,1.5662982000000056
22,48,1,maximize-smallest-sum,False,False,True,58374714.0,5.480627000000027
22,48,1,maximize-smallest-sum,True,False,False,258092601.0,1.6882384000000457
22,48,1,maximize-smallest-sum,True,False,True,248114281.0,2.8944119999999884
22,48,2,maximize-smallest-sum,False,False,True,767928033.0,1.5692752999999584
22,48,2,maximize-smallest-sum,True,False,False,231821779.0,2.1179540000000543
22,48,2,maximize-smallest-sum,True,False,True,721524246.0,2.3090427000000773
22,48,3,maximize-smallest-sum,False,False,True,498799273.0,8.466487799999982
22,48,3,maximize-smallest-sum,True,False,False,132122223.0,0.5356873999999152
22,48,3,maximize-smallest-sum,True,False,True,311027272.0,1.8606547000000546
22,48,4,maximize-smallest-sum,False,False,True,998867006.0,4.325226000000043
22,48,4,maximize-smallest-sum,True,False,False,298464839.0,1.2554894000001013
22,48,4,maximize-smallest-sum,True,False,True,654548118.0,3.134626799999978
22,48,5,maximize-smallest-sum,False,False,True,36264648.0,4.347640100000035
22,48,5,maximize-smallest-sum,True,False,False,72082558.0,1.8979560999999876
22,48,5,maximize-smallest-sum,True,False,True,262555196.0,1.951285799999937
22,48,6,maximize-smallest-sum,False,False,True,181833514.0,5.804208999999901
22,48,6,maximize-smallest-sum,True,False,False,9101122.0,0.6689973000000009
22,48,6,maximize-smallest-sum,True,False,True,562189598.0,1.152720899999963
22,48,7,maximize-smallest-sum,False,False,True,327390237.0,3.7692528999999695
22,48,7,maximize-smallest-sum,True,False,False,397043693.0,1.0163746999999148
22,48,7,maximize-smallest-sum,True,False,True,107730739.0,3.545610500000066
22,48,8,maximize-smallest-sum,False,False,True,160543207.0,4.501244699999916
22,48,8,maximize-smallest-sum,True,False,False,513676728.0,2.7320193000000472
22,48,8,maximize-smallest-sum,True,False,True,372104806.0,2.4079041999999617
22,48,9,maximize-smallest-sum,False,False,True,134326431.0,4.157546600000046
22,48,9,maximize-smallest-sum,True,False,False,57447933.0,0.6218657000000576
22,48,9,maximize-smallest-sum,True,False,True,156741301.0,2.1235358000000133
24,16,0,maximize-smallest-sum,False,False,True,0.0,0.041257499999915126
24,16,0,maximize-smallest-sum,True,False,False,1.0,4.9986657000000605
24,16,0,maximize-smallest-sum,True,False,True,0.0,0.16953399999999874
24,16,1,maximize-smallest-sum,False,False,True,0.0,1.9078978000000006
24,16,1,maximize-smallest-sum,True,False,False,1.0,11.18375739999999
24,16,1,maximize-smallest-sum,True,False,True,0.0,0.03530680000005759
24,16,2,maximize-smallest-sum,False,False,True,0.0,0.2530151000000842
24,16,2,maximize-smallest-sum,True,False,False,0.0,4.473051899999973
24,16,2,maximize-smallest-sum,True,False,True,0.0,0.2792984999999817
24,16,3,maximize-smallest-sum,False,False,True,1.0,0.043425200000001496
24,16,3,maximize-smallest-sum,True,False,False,0.0,4.593540299999972
24,16,3,maximize-smallest-sum,True,False,True,1.0,0.03315629999997327
24,16,4,maximize-smallest-sum,False,False,True,0.0,0.6977976000000581
24,16,4,maximize-smallest-sum,True,False,False,1.0,8.318759799999953
24,16,4,maximize-smallest-sum,True,False,True,0.0,0.6160806999999977
24,16,5,maximize-smallest-sum,False,False,True,1.0,0.11806450000005952
24,16,5,maximize-smallest-sum,True,False,False,0.0,7.136066600000049
24,16,5,maximize-smallest-sum,True,False,True,1.0,0.011766399999942223
24,16,6,maximize-smallest-sum,False,False,True,0.0,0.07418089999998756
24,16,6,maximize-smallest-sum,True,False,False,0.0,4.051448099999902
24,16,6,maximize-smallest-sum,True,False,True,1.0,0.10609040000008463
24,16,7,maximize-smallest-sum,False,False,True,0.0,0.1458468000000721
24,16,7,maximize-smallest-sum,True,False,False,0.0,5.122253199999932
24,16,7,maximize-smallest-sum,True,False,True,0.0,0.035660699999993994
24,16,8,maximize-smallest-sum,False,False,True,1.0,0.09778929999993125
24,16,8,maximize-smallest-sum,True,False,False,0.0,5.349446299999954
24,16,8,maximize-smallest-sum,True,False,True,0.0,0.6523307999999588
24,16,9,maximize-smallest-sum,False,False,True,1.0,0.08426779999990686
24,16,9,maximize-smallest-sum,True,False,False,0.0,5.454613699999982
24,16,9,maximize-smallest-sum,True,False,True,1.0,0.1632696000000351
24,32,0,maximize-smallest-sum,False,False,True,3128.0,16.35997509999993
24,32,0,maximize-smallest-sum,True,False,False,1613.0,4.567231399999969
24,32,0,maximize-smallest-sum,True,False,True,1482.0,4.403517000000079
24,32,1,maximize-smallest-sum,False,False,True,398.0,10.392511999999897
24,32,1,maximize-smallest-sum,True,False,False,5574.0,5.993026999999984
24,32,1,maximize-smallest-sum,True,False,True,680.0,3.376732299999958
24,32,2,maximize-smallest-sum,False,False,True,2716.0,15.688751199999956
24,32,2,maximize-smallest-sum,True,False,False,523.0,2.6441958999999997
24,32,2,maximize-smallest-sum,True,False,True,568.0,4.418219700000009
24,32,3,maximize-smallest-sum,False,False,True,901.0,12.980855799999972
24,32,3,maximize-smallest-sum,True,False,False,4.0,3.393936399999916
24,32,3,maximize-smallest-sum,True,False,True,448.0,12.77731520000009
24,32,4,maximize-smallest-sum,False,False,True,16.0,18.01155439999991
24,32,4,maximize-smallest-sum,True,False,False,1049.0,3.618813199999977
24,32,4,maximize-smallest-sum,True,False,True,3227.0,4.818902200000139
24,32,5,maximize-smallest-sum,False,False,True,823.0,8.535917700000027
24,32,5,maximize-smallest-sum,True,False,False,968.0,1.020648299999948
24,32,5,maximize-smallest-sum,True,False,True,294.0,7.556565300000102
24,32,6,maximize-smallest-sum,False,False,True,1183.0,11.356192200000123
24,32,6,maximize-smallest-sum,True,False,False,1363.0,9.416032700000187
24,32,6,maximize-smallest-sum,True,False,True,4546.0,10.713188100000025
24,32,7,maximize-smallest-sum,False,False,True,8026.0,6.625155199999881
24,32,7,maximize-smallest-sum,True,False,False,35.0,3.0594739000000573
24,32,7,maximize-smallest-sum,True,False,True,537.0,5.343490700000075
24,32,8,maximize-smallest-sum,False,False,True,5031.0,5.409596100000044
24,32,8,maximize-smallest-sum,True,False,False,1340.0,2.7773460000000796
24,32,8,maximize-smallest-sum,True,False,True,1286.0,4.883471800000052
24,32,9,maximize-smallest-sum,False,False,True,106.0,6.443441099999973
24,32,9,maximize-smallest-sum,True,False,False,109.0,7.89623749999987
24,32,9,maximize-smallest-sum,True,False,True,200.0,7.36927629999991
24,48,0,maximize-smallest-sum,False,False,True,3172760.0,14.84468969999989
24,48,0,maximize-smallest-sum,True,False,False,105046897.0,8.39549030000012
24,48,0,maximize-smallest-sum,True,False,True,123114467.0,7.22640309999997
24,48,1,maximize-smallest-sum,False,False,True,159522695.0,14.560395199999903
24,48,1,maximize-smallest-sum,True,False,False,283501596.0,5.969677199999978
24,48,1,maximize-smallest-sum,True,False,True,583345734.0,7.873875600000019
24,48,2,maximize-smallest-sum,False,False,True,219669881.0,23.63037949999989
24,48,2,maximize-smallest-sum,True,False,False,241334382.0,4.140659599999935
24,48,2,maximize-smallest-sum,True,False,True,18776140.0,5.33838999999989
24,48,3,maximize-smallest-sum,False,False,True,107679418.0,21.526661100000183
24,48,3,maximize-smallest-sum,True,False,False,31555568.0,3.64231749999999
24,48,3,maximize-smallest-sum,True,False,True,4572108.0,5.349590000000035
24,48,4,maximize-smallest-sum,False,False,True,6229256.0,12.123034199999893
24,48,4,maximize-smallest-sum,True,False,False,124301577.0,2.7816811000000143
24,48,4,maximize-smallest-sum,True,False,True,124849775.0,7.92380490000005
24,48,5,maximize-smallest-sum,False,False,True,27517781.0,20.54487519999998
24,48,5,maximize-smallest-sum,True,False,False,38280835.0,1.6728006999999252
24,48,5,maximize-smallest-sum,True,False,True,175806246.0,7.155135900000005
24,48,6,maximize-smallest-sum,False,False,True,154821306.0,13.351888099999996
24,48,6,maximize-smallest-sum,True,False,False,142180437.0,3.0371287000000393
24,48,6,maximize-smallest-sum,True,False,True,15885121.0,8.341449700000112
24,48,7,maximize-smallest-sum,False,False,True,53749786.0,7.763230199999953
24,48,7,maximize-smallest-sum,True,False,False,91138815.0,5.900516299999936
24,48,7,maximize-smallest-sum,True,False,True,23590182.0,8.09391659999983
24,48,8,maximize-smallest-sum,False,False,True,243403847.0,11.728057999999919
24,48,8,maximize-smallest-sum,True,False,False,85891048.0,10.419660900000054
24,48,8,maximize-smallest-sum,True,False,True,26242246.0,9.560788900000034
24,48,9,maximize-smallest-sum,False,False,True,196431705.0,13.520947699999851
24,48,9,maximize-smallest-sum,True,False,False,331008397.0,4.450221900000088
24,48,9,maximize-smallest-sum,True,False,True,48801639.0,3.9701425999999174
26,16,0,maximize-smallest-sum,False,False,True,0.0,0.4883393000000069
26,16,0,maximize-smallest-sum,True,False,False,0.0,6.138213199999882
26,16,0,maximize-smallest-sum,True,False,True,1.0,0.08841289999986657
26,16,1,maximize-smallest-sum,False,False,True,0.0,0.14263839999989614
26,16,1,maximize-smallest-sum,True,False,False,0.0,13.450773900000058
26,16,1,maximize-smallest-sum,True,False,True,0.0,0.07025419999990845
26,16,2,maximize-smallest-sum,False,False,True,1.0,0.12378020000005563
26,16,2,maximize-smallest-sum,True,False,False,0.0,4.75504090000004
26,16,2,maximize-smallest-sum,True,False,True,0.0,0.18300810000005185
26,16,3,maximize-smallest-sum,False,False,True,1.0,0.717903299999989
26,16,3,maximize-smallest-sum,True,False,False,1.0,31.022588699999915
26,16,3,maximize-smallest-sum,True,False,True,0.0,0.046826000000010026
26,16,4,maximize-smallest-sum,False,False,True,0.0,0.21085489999995843
26,16,4,maximize-smallest-sum,True,False,True,1.0,0.05046360000005734
26,16,5,maximize-smallest-sum,False,False,True,0.0,0.5678706000001057
26,16,5,maximize-smallest-sum,True,False,True,0.0,0.0730630000000474
26,16,6,maximize-smallest-sum,False,False,True,0.0,0.23531610000009096
26,16,6,maximize-smallest-sum,True,False,True,0.0,0.791029299999991
26,16,7,maximize-smallest-sum,False,False,True,0.0,1.2145890999997846
26,16,7,maximize-smallest-sum,True,False,True,0.0,0.08603689999995368
26,16,8,maximize-smallest-sum,False,False,True,1.0,0.28773839999985285
26,16,8,maximize-smallest-sum,True,False,True,0.0,0.07823489999987032
26,16,9,maximize-smallest-sum,False,False,True,0.0,0.11291639999990366
26,16,9,maximize-smallest-sum,True,False,True,1.0,0.08026370000015959
26,32,0,maximize-smallest-sum,False,False,True,190.0,58.15603320000014
26,32,0,maximize-smallest-sum,True,False,False,53.0,11.212698000000046
26,32,0,maximize-smallest-sum,True,False,True,383.0,30.11105099999986
26,32,1,maximize-smallest-sum,True,False,False,88.0,11.583710500000052
26,32,2,maximize-smallest-sum,True,False,False,333.0,9.15932840000005
26,48,0,maximize-smallest-sum,True,False,False,24381295.0,3.779349400000001
26,48,1,maximize-smallest-sum,True,False,False,87682991.0,17.808066199999985
26,48,2,maximize-smallest-sum,True,False,False,30999415.0,12.809864999999945
