numitems,bitsperitem,instance_id,objective,use_boolean_matrix,diff,runtime
10,4,0,minimize-largest-sum,False,0,0.0003978
10,4,0,minimize-largest-sum,True,1,0.0063292
10,4,0,maximize-smallest-sum,False,0,0.0006351999999999
10,4,0,maximize-smallest-sum,True,0,0.0048347
10,4,1,minimize-largest-sum,False,1,0.0002685
10,4,1,minimize-largest-sum,True,1,0.008541
10,4,1,maximize-smallest-sum,False,0,0.0003499999999999
10,4,1,maximize-smallest-sum,True,0,0.0060354999999999
10,4,2,minimize-largest-sum,False,0,0.000242
10,4,2,minimize-largest-sum,True,1,0.004963
10,4,2,maximize-smallest-sum,False,0,0.0003080999999999
10,4,2,maximize-smallest-sum,True,1,0.0083193
10,4,3,minimize-largest-sum,False,0,0.0002402999999999
10,4,3,minimize-largest-sum,True,0,0.0157131999999999
10,4,3,maximize-smallest-sum,False,1,0.0002531
10,4,3,maximize-smallest-sum,True,1,0.0099369999999999
10,4,4,minimize-largest-sum,False,0,0.0003347
10,4,4,minimize-largest-sum,True,0,0.0091998999999999
10,4,4,maximize-smallest-sum,False,1,0.0004547999999999
10,4,4,maximize-smallest-sum,True,1,0.0044085999999999
10,4,5,minimize-largest-sum,False,1,0.0002371999999999
10,4,5,minimize-largest-sum,True,0,0.0067793
10,4,5,maximize-smallest-sum,False,1,0.0003702
10,4,5,maximize-smallest-sum,True,1,0.0066199
10,4,6,minimize-largest-sum,False,1,0.0002664000000001
10,4,6,minimize-largest-sum,True,1,0.0051641
10,4,6,maximize-smallest-sum,False,1,0.0002254999999999
10,4,6,maximize-smallest-sum,True,1,0.0061181000000001
10,4,7,minimize-largest-sum,False,0,0.0004054
10,4,7,minimize-largest-sum,True,0,0.0085991
10,4,7,maximize-smallest-sum,False,0,0.0005266999999999
10,4,7,maximize-smallest-sum,True,0,0.0094860000000001
10,4,8,minimize-largest-sum,False,0,0.0002375000000001
10,4,8,minimize-largest-sum,True,1,0.0035859
10,4,8,maximize-smallest-sum,False,1,0.0002512999999999
10,4,8,maximize-smallest-sum,True,1,0.0094591000000001
10,4,9,minimize-largest-sum,False,1,0.0004456999999999
10,4,9,minimize-largest-sum,True,1,0.0124725999999999
10,4,9,maximize-smallest-sum,False,0,0.0002587999999998
10,4,9,maximize-smallest-sum,True,1,0.0070004999999999
10,8,0,minimize-largest-sum,False,1,0.0016347999999999
10,8,0,minimize-largest-sum,True,3,1.2299981000000002
10,8,0,maximize-smallest-sum,False,0,0.0006615
10,8,0,maximize-smallest-sum,True,0,0.9972819999999998
10,8,1,minimize-largest-sum,False,2,0.0006258999999997
10,8,1,minimize-largest-sum,True,1,1.4500121999999998
10,8,1,maximize-smallest-sum,False,0,0.0006754999999998
10,8,1,maximize-smallest-sum,True,1,1.7019664000000003
10,8,2,minimize-largest-sum,False,1,0.0010634000000000476
10,8,2,minimize-largest-sum,True,1,1.9712386
10,8,2,maximize-smallest-sum,False,0,0.0015254000000002321
10,8,2,maximize-smallest-sum,True,0,1.5378233999999997
10,8,3,minimize-largest-sum,False,0,0.0008330000000000837
10,8,3,minimize-largest-sum,True,3,0.9239272000000005
10,8,3,maximize-smallest-sum,False,2,0.0008258000000003207
10,8,3,maximize-smallest-sum,True,1,0.7456490999999996
10,8,4,minimize-largest-sum,False,5,0.0005939000000001471
10,8,4,minimize-largest-sum,True,1,1.8638412999999998
10,8,4,maximize-smallest-sum,False,0,0.0007826000000008548
10,8,4,maximize-smallest-sum,True,1,1.8889240999999988
10,8,5,minimize-largest-sum,False,2,0.0009335000000003646
10,8,5,minimize-largest-sum,True,1,0.9546162000000002
10,8,5,maximize-smallest-sum,False,2,0.0006003999999997234
10,8,5,maximize-smallest-sum,True,1,1.0199163000000002
10,8,6,minimize-largest-sum,False,1,0.0010896999999996382
10,8,6,minimize-largest-sum,True,1,1.1342011999999997
10,8,6,maximize-smallest-sum,False,0,0.0014453000000003158
10,8,6,maximize-smallest-sum,True,0,0.9032383000000017
10,8,7,minimize-largest-sum,False,1,0.0010950999999987943
10,8,7,minimize-largest-sum,True,1,0.9123262000000008
10,8,7,maximize-smallest-sum,False,0,0.0009683000000002551
10,8,7,maximize-smallest-sum,True,1,1.7507864000000026
10,8,8,minimize-largest-sum,False,0,0.0007011000000005652
10,8,8,minimize-largest-sum,True,1,1.5610498000000028
10,8,8,maximize-smallest-sum,False,4,0.00044369999999815946
10,8,8,maximize-smallest-sum,True,1,1.8236940999999973
10,8,9,minimize-largest-sum,False,4,0.0013022999999989793
10,8,9,minimize-largest-sum,True,1,0.6923220000000008
10,8,9,maximize-smallest-sum,False,1,0.00064649999999844
10,8,9,maximize-smallest-sum,True,0,0.910718199999998
10,12,0,minimize-largest-sum,False,65,0.0008195999999998094
10,12,0,minimize-largest-sum,True,3,323.3470964
10,12,0,maximize-smallest-sum,False,57,0.0008358999999700245
10,12,0,maximize-smallest-sum,True,18,152.36468580000002
10,12,1,minimize-largest-sum,False,6,0.0007412999999587555
10,12,1,maximize-smallest-sum,False,1,0.0007557999999789899
10,12,2,minimize-largest-sum,False,59,0.0008209999999735373
10,12,2,maximize-smallest-sum,False,0,0.0008601000000112435
10,12,3,minimize-largest-sum,False,84,0.0007229000000279484
10,12,3,maximize-smallest-sum,False,4,0.0007723000000510183
10,12,4,minimize-largest-sum,False,15,0.0008457999999791355
10,12,4,maximize-smallest-sum,False,19,0.0007836000000338572
10,12,5,minimize-largest-sum,False,29,0.0007941999999729887
10,12,5,maximize-smallest-sum,False,1,0.0007693000000017491
10,12,6,minimize-largest-sum,False,7,0.0007616000000325585
10,12,6,maximize-smallest-sum,False,9,0.0007806000000414315
10,12,7,minimize-largest-sum,False,1,0.0007448000000067623
10,12,7,maximize-smallest-sum,False,1,0.0007810000000176842
10,12,8,minimize-largest-sum,False,10,0.0011607000000140033
10,12,8,maximize-smallest-sum,False,6,0.0007356999999501568
10,12,9,minimize-largest-sum,False,36,0.0007486000000085369
10,12,9,maximize-smallest-sum,False,322,0.000738599999976941
10,16,0,minimize-largest-sum,False,35,0.0008007999999790627
10,16,0,maximize-smallest-sum,False,541,0.0007795000000214714
10,16,1,minimize-largest-sum,False,355,0.0008075000000076216
10,16,1,maximize-smallest-sum,False,537,0.0008933999999953812
10,16,2,minimize-largest-sum,False,127,0.0011597999999821695
10,16,2,maximize-smallest-sum,False,419,0.0007602999999676285
10,16,3,minimize-largest-sum,False,181,0.0007581000000413951
10,16,3,maximize-smallest-sum,False,134,0.0007757000000196967
10,16,4,minimize-largest-sum,False,567,0.0009800999999924898
10,16,4,maximize-smallest-sum,False,262,0.0007810999999833257
10,16,5,minimize-largest-sum,False,0,0.0007777999999802887
10,16,5,maximize-smallest-sum,False,304,0.0013364999999794236
10,16,6,minimize-largest-sum,False,193,0.0007702000000335829
10,16,6,maximize-smallest-sum,False,38,0.0007716000000073109
10,16,7,minimize-largest-sum,False,202,0.0007560000000239597
10,16,7,maximize-smallest-sum,False,166,0.0008315000000038708
10,16,8,minimize-largest-sum,False,109,0.0007550000000264845
10,16,8,maximize-smallest-sum,False,5,0.0007566000000451822
10,16,9,minimize-largest-sum,False,245,0.0007646999999906257
10,16,9,maximize-smallest-sum,False,73,0.0007636000000275089
10,20,0,minimize-largest-sum,False,10854,0.0007628000000181601
10,20,0,maximize-smallest-sum,False,583,0.0007663999999749649
10,20,1,minimize-largest-sum,False,5318,0.0007558000000358334
10,20,1,maximize-smallest-sum,False,503,0.000764199999991888
10,20,2,minimize-largest-sum,False,11795,0.000816100000008646
10,20,2,maximize-smallest-sum,False,2477,0.0007739000000128726
10,20,3,minimize-largest-sum,False,5133,0.00122279999999364
10,20,3,maximize-smallest-sum,False,1095,0.0007729000000153974
10,20,4,minimize-largest-sum,False,4205,0.0007640999999694031
10,20,4,maximize-smallest-sum,False,6976,0.0007701999999767395
10,20,5,minimize-largest-sum,False,4607,0.0007616999999981999
10,20,5,maximize-smallest-sum,False,9103,0.0007669000000305459
10,20,6,minimize-largest-sum,False,4037,0.0014668999999685184
10,20,6,maximize-smallest-sum,False,38,0.0007706000000098356
10,20,7,minimize-largest-sum,False,4008,0.0014784999999619686
10,20,7,maximize-smallest-sum,False,3240,0.0008202000000210319
10,20,8,minimize-largest-sum,False,6588,0.0007530999999971755
10,20,8,maximize-smallest-sum,False,5071,0.0007694999999898755
10,20,9,minimize-largest-sum,False,1543,0.0011472999999568856
10,20,9,maximize-smallest-sum,False,7902,0.000791899999967427
12,4,0,minimize-largest-sum,False,1,0.0003368000000136817
12,4,0,minimize-largest-sum,True,0,0.01527889999999843
12,4,0,maximize-smallest-sum,False,0,0.00029869999997345076
12,4,0,maximize-smallest-sum,True,1,0.007664899999952013
12,4,1,minimize-largest-sum,False,1,0.0003209999999853608
12,4,1,minimize-largest-sum,True,1,0.009733799999992243
12,4,1,maximize-smallest-sum,False,1,0.00030509999999139836
12,4,1,maximize-smallest-sum,True,0,0.00781989999995858
12,4,2,minimize-largest-sum,False,0,0.0003148999999780244
12,4,2,minimize-largest-sum,True,1,0.010933500000021468
12,4,2,maximize-smallest-sum,False,0,0.00034299999998665953
12,4,2,maximize-smallest-sum,True,0,0.009880699999996523
12,4,3,minimize-largest-sum,False,1,0.00028090000000702275
12,4,3,minimize-largest-sum,True,0,0.007143399999961275
12,4,3,maximize-smallest-sum,False,0,0.0003126999999949476
12,4,3,maximize-smallest-sum,True,0,0.014138600000023871
12,4,4,minimize-largest-sum,False,0,0.00033460000003060486
12,4,4,minimize-largest-sum,True,0,0.011104900000020734
12,4,4,maximize-smallest-sum,False,0,0.000394999999969059
12,4,4,maximize-smallest-sum,True,1,0.014308700000015051
12,4,5,minimize-largest-sum,False,1,0.0005249999999819011
12,4,5,minimize-largest-sum,True,1,0.009355700000014622
12,4,5,maximize-smallest-sum,False,1,0.0003188999999679254
12,4,5,maximize-smallest-sum,True,1,0.017932200000018383
12,4,6,minimize-largest-sum,False,1,0.00031360000002678134
12,4,6,minimize-largest-sum,True,1,0.007322600000009061
12,4,6,maximize-smallest-sum,False,1,0.0003676000000041313
12,4,6,maximize-smallest-sum,True,1,0.008510699999987992
12,4,7,minimize-largest-sum,False,0,0.0003159000000323431
12,4,7,minimize-largest-sum,True,1,0.006405900000004294
12,4,7,maximize-smallest-sum,False,1,0.00037479999997458435
12,4,7,maximize-smallest-sum,True,0,0.004648000000031516
12,4,8,minimize-largest-sum,False,1,0.00031409999996867555
12,4,8,minimize-largest-sum,True,1,0.009738900000002104
12,4,8,maximize-smallest-sum,False,1,0.0003208999999628759
12,4,8,maximize-smallest-sum,True,1,0.007322499999986576
12,4,9,minimize-largest-sum,False,1,0.0007172999999625063
12,4,9,minimize-largest-sum,True,0,0.010860200000024633
12,4,9,maximize-smallest-sum,False,0,0.0003044000000045344
12,4,9,maximize-smallest-sum,True,1,0.013196199999981673
12,8,0,minimize-largest-sum,False,1,0.0013528000000064822
12,8,0,minimize-largest-sum,True,1,1.8609514000000331
12,8,0,maximize-smallest-sum,False,1,0.0024967999999603308
12,8,0,maximize-smallest-sum,True,0,2.8272232999999574
12,8,1,minimize-largest-sum,False,0,0.0016114000000015949
12,8,1,minimize-largest-sum,True,1,1.7295492999999738
12,8,1,maximize-smallest-sum,False,1,0.0016846000000327876
12,8,1,maximize-smallest-sum,True,0,1.8189787000000024
12,8,2,minimize-largest-sum,False,0,0.0019262999999796193
12,8,2,minimize-largest-sum,True,1,2.036624800000027
12,8,2,maximize-smallest-sum,False,1,0.0012694000000124106
12,8,2,maximize-smallest-sum,True,1,2.827323100000001
12,8,3,minimize-largest-sum,False,0,0.0013867000000118423
12,8,3,minimize-largest-sum,True,0,2.682762700000012
12,8,3,maximize-smallest-sum,False,1,0.0013416000000461281
12,8,3,maximize-smallest-sum,True,0,2.908529700000031
12,8,4,minimize-largest-sum,False,1,0.001888599999915641
12,8,4,minimize-largest-sum,True,0,2.062210999999934
12,8,4,maximize-smallest-sum,False,1,0.0016190999999707856
12,8,4,maximize-smallest-sum,True,1,1.9003346000000647
12,8,5,minimize-largest-sum,False,1,0.0016090000000303917
12,8,5,minimize-largest-sum,True,0,1.8445758000000296
12,8,5,maximize-smallest-sum,False,0,0.003259700000057819
12,8,5,maximize-smallest-sum,True,1,3.773462800000061
12,8,6,minimize-largest-sum,False,1,0.001538999999979751
12,8,6,minimize-largest-sum,True,5,2.521927699999992
12,8,6,maximize-smallest-sum,False,1,0.0015601999999717009
12,8,6,maximize-smallest-sum,True,0,2.1618524000000434
12,8,7,minimize-largest-sum,False,0,0.0020868999999947846
12,8,7,minimize-largest-sum,True,0,2.5785616999999093
12,8,7,maximize-smallest-sum,False,1,0.0015366999999741893
12,8,7,maximize-smallest-sum,True,0,2.3909616000000824
12,8,8,minimize-largest-sum,False,0,0.001654600000051687
12,8,8,minimize-largest-sum,True,1,0.9015537000000222
12,8,8,maximize-smallest-sum,False,1,0.0014975999999933265
12,8,8,maximize-smallest-sum,True,0,1.200898200000097
12,8,9,minimize-largest-sum,False,1,0.0016616000000340136
12,8,9,minimize-largest-sum,True,0,3.3235257000000047
12,8,9,maximize-smallest-sum,False,0,0.0013579000000163433
12,8,9,maximize-smallest-sum,True,1,1.6437409000000116
12,12,0,minimize-largest-sum,False,2,0.002660900000023503
12,12,0,maximize-smallest-sum,False,12,0.005702000000042062
12,12,1,minimize-largest-sum,False,6,0.003537600000072416
12,12,1,maximize-smallest-sum,False,1,0.002945699999941098
12,12,2,minimize-largest-sum,False,16,0.0030927000000247062
12,12,2,maximize-smallest-sum,False,4,0.0028234000000111337
12,12,3,minimize-largest-sum,False,2,0.0028893999999581865
12,12,3,maximize-smallest-sum,False,3,0.002609300000017356
12,12,4,minimize-largest-sum,False,18,0.0028466999999636755
12,12,4,maximize-smallest-sum,False,12,0.006371999999942091
12,12,5,minimize-largest-sum,False,1,0.002541600000085964
12,12,5,maximize-smallest-sum,False,0,0.0034964000000172746
12,12,6,minimize-largest-sum,False,2,0.0028611000000182685
12,12,6,maximize-smallest-sum,False,7,0.0029637000000093394
12,12,7,minimize-largest-sum,False,3,0.002921599999922364
12,12,7,maximize-smallest-sum,False,0,0.007429600000023129
12,12,8,minimize-largest-sum,False,5,0.0029670000000123764
12,12,8,maximize-smallest-sum,False,1,0.0029746000000159256
12,12,9,minimize-largest-sum,False,2,0.0027382000000670814
12,12,9,maximize-smallest-sum,False,0,0.0029084999999895444
12,16,0,minimize-largest-sum,False,0,0.0057979999999133724
12,16,0,maximize-smallest-sum,False,37,0.005510999999955857
12,16,1,minimize-largest-sum,False,80,0.003034800000023097
12,16,1,maximize-smallest-sum,False,96,0.00426500000003216
12,16,2,minimize-largest-sum,False,170,0.002986500000019987
12,16,2,maximize-smallest-sum,False,26,0.0030079000000569067
12,16,3,minimize-largest-sum,False,45,0.002985299999977542
12,16,3,maximize-smallest-sum,False,9,0.0030070999999907144
12,16,4,minimize-largest-sum,False,29,0.0029263999999784573
12,16,4,maximize-smallest-sum,False,61,0.005241899999987254
12,16,5,minimize-largest-sum,False,14,0.005971400000021276
12,16,5,maximize-smallest-sum,False,29,0.00568569999995816
12,16,6,minimize-largest-sum,False,165,0.0068321999999625405
12,16,6,maximize-smallest-sum,False,15,0.0067874000000074375
12,16,7,minimize-largest-sum,False,28,0.007401600000093822
12,16,7,maximize-smallest-sum,False,0,0.007566400000087015
12,16,8,minimize-largest-sum,False,42,0.0034995999999409833
12,16,8,maximize-smallest-sum,False,95,0.00368279999997867
12,16,9,minimize-largest-sum,False,29,0.002779099999997925
12,16,9,maximize-smallest-sum,False,7,0.0033551000000215936
12,20,0,minimize-largest-sum,False,574,0.0032022000000324624
12,20,0,maximize-smallest-sum,False,2498,0.004394100000013168
12,20,1,minimize-largest-sum,False,2389,0.003266300000063893
12,20,1,maximize-smallest-sum,False,348,0.006919000000038977
12,20,2,minimize-largest-sum,False,617,0.0176682000000028
12,20,2,maximize-smallest-sum,False,3133,0.0036224000000402157
12,20,3,minimize-largest-sum,False,2649,0.0033651999999619875
12,20,3,maximize-smallest-sum,False,189,0.0034250999999585474
12,20,4,minimize-largest-sum,False,883,0.0033735000000660875
12,20,4,maximize-smallest-sum,False,951,0.0031322999999474632
12,20,5,minimize-largest-sum,False,4736,0.0029911000000311105
12,20,5,maximize-smallest-sum,False,2725,0.0029858999999987645
12,20,6,minimize-largest-sum,False,1530,0.005831599999964965
12,20,6,maximize-smallest-sum,False,320,0.003063400000087313
12,20,7,minimize-largest-sum,False,1823,0.00336010000000897
12,20,7,maximize-smallest-sum,False,1292,0.0035381000000143104
12,20,8,minimize-largest-sum,False,533,0.005648500000006607
12,20,8,maximize-smallest-sum,False,100,0.005717899999922338
12,20,9,minimize-largest-sum,False,2117,0.004961900000012065
12,20,9,maximize-smallest-sum,False,79,0.004516599999988102
14,4,0,minimize-largest-sum,False,0,0.0004371999999648324
14,4,0,minimize-largest-sum,True,1,0.043478999999933876
14,4,0,maximize-smallest-sum,False,1,0.0005876000000171189
14,4,0,maximize-smallest-sum,True,1,0.031993600000078004
14,4,1,minimize-largest-sum,False,1,0.0008239999999659631
14,4,1,minimize-largest-sum,True,0,0.028652200000010453
14,4,1,maximize-smallest-sum,False,1,0.0009256999999252002
14,4,1,maximize-smallest-sum,True,0,0.023523599999975886
14,4,2,minimize-largest-sum,False,0,0.00047210000002451125
14,4,2,minimize-largest-sum,True,1,0.014540799999963383
14,4,2,maximize-smallest-sum,False,1,0.0005170000000589425
14,4,2,maximize-smallest-sum,True,0,0.017676899999969464
14,4,3,minimize-largest-sum,False,0,0.00046359999998912826
14,4,3,minimize-largest-sum,True,0,0.011642800000004172
14,4,3,maximize-smallest-sum,False,1,0.0004969000000301094
14,4,3,maximize-smallest-sum,True,1,0.009173799999985022
14,4,4,minimize-largest-sum,False,0,0.0005478000000493921
14,4,4,minimize-largest-sum,True,1,0.010816299999987677
14,4,4,maximize-smallest-sum,False,0,0.00030090000007021445
14,4,4,maximize-smallest-sum,True,1,0.01310620000003837
14,4,5,minimize-largest-sum,False,0,0.00042199999995773396
14,4,5,minimize-largest-sum,True,0,0.02017590000002656
14,4,5,maximize-smallest-sum,False,1,0.00044270000000778964
14,4,5,maximize-smallest-sum,True,1,0.010608200000092438
14,4,6,minimize-largest-sum,False,0,0.00039979999996830884
14,4,6,minimize-largest-sum,True,1,0.01415210000004663
14,4,6,maximize-smallest-sum,False,0,0.0003388000000086322
14,4,6,maximize-smallest-sum,True,0,0.015413800000033007
14,4,7,minimize-largest-sum,False,1,0.00032580000004145404
14,4,7,minimize-largest-sum,True,1,0.010916599999973187
14,4,7,maximize-smallest-sum,False,0,0.0004242999999632957
14,4,7,maximize-smallest-sum,True,1,0.009392199999979312
14,4,8,minimize-largest-sum,False,1,0.00042729999995572143
14,4,8,minimize-largest-sum,True,0,0.015209499999969012
14,4,8,maximize-smallest-sum,False,1,0.00039279999998598214
14,4,8,maximize-smallest-sum,True,1,0.009274800000071082
14,4,9,minimize-largest-sum,False,1,0.00045969999996486877
14,4,9,minimize-largest-sum,True,1,0.00929499999995187
14,4,9,maximize-smallest-sum,False,1,0.0003490000000283544
14,4,9,maximize-smallest-sum,True,1,0.009293100000036247
14,8,0,minimize-largest-sum,False,0,0.0026358000000072934
14,8,0,minimize-largest-sum,True,0,4.40252380000004
14,8,0,maximize-smallest-sum,False,1,0.003165699999954086
14,8,0,maximize-smallest-sum,True,1,2.8030489999999872
14,8,1,minimize-largest-sum,False,1,0.002235599999949045
14,8,1,minimize-largest-sum,True,1,3.7547617000000173
14,8,1,maximize-smallest-sum,False,1,0.0027982999999949243
14,8,1,maximize-smallest-sum,True,1,3.0393940999999813
14,8,2,minimize-largest-sum,False,1,0.002977999999984604
14,8,2,minimize-largest-sum,True,0,5.218699499999957
14,8,2,maximize-smallest-sum,False,0,0.0026153000000022075
14,8,2,maximize-smallest-sum,True,0,4.230317899999932
14,8,3,minimize-largest-sum,False,1,0.0029909999999517822
14,8,3,minimize-largest-sum,True,1,2.976626500000066
14,8,3,maximize-smallest-sum,False,0,0.003191700000002129
14,8,3,maximize-smallest-sum,True,0,2.1772965000000113
14,8,4,minimize-largest-sum,False,1,0.002967099999978018
14,8,4,minimize-largest-sum,True,1,2.9527031999999735
14,8,4,maximize-smallest-sum,False,0,0.00666450000005625
14,8,4,maximize-smallest-sum,True,1,4.082727699999964
14,8,5,minimize-largest-sum,False,0,0.0028458000000455286
14,8,5,minimize-largest-sum,True,1,2.0744528000000173
14,8,5,maximize-smallest-sum,False,0,0.003032200000006924
14,8,5,maximize-smallest-sum,True,1,3.09470060000001
14,8,6,minimize-largest-sum,False,1,0.003158700000085446
14,8,6,minimize-largest-sum,True,1,3.817055400000072
14,8,6,maximize-smallest-sum,False,0,0.0030440000000453438
14,8,6,maximize-smallest-sum,True,0,4.828999599999975
14,8,7,minimize-largest-sum,False,0,0.003971000000092317
14,8,7,minimize-largest-sum,True,0,3.04424599999993
14,8,7,maximize-smallest-sum,False,1,0.004124499999988984
14,8,7,maximize-smallest-sum,True,0,4.81466260000002
14,8,8,minimize-largest-sum,False,0,0.00279210000007879
14,8,8,minimize-largest-sum,True,0,3.260410699999966
14,8,8,maximize-smallest-sum,False,1,0.002948299999957271
14,8,8,maximize-smallest-sum,True,1,2.2493648999999323
14,8,9,minimize-largest-sum,False,1,0.0023080999999365304
14,8,9,minimize-largest-sum,True,0,5.660677499999906
14,8,9,maximize-smallest-sum,False,1,0.0029078000000026805
14,8,9,maximize-smallest-sum,True,0,3.3898329999999532
14,12,0,minimize-largest-sum,False,0,0.010774599999990642
14,12,0,maximize-smallest-sum,False,4,0.010565599999949882
14,12,1,minimize-largest-sum,False,1,0.010523199999965982
14,12,1,maximize-smallest-sum,False,2,0.011495100000047387
14,12,2,minimize-largest-sum,False,2,0.011053299999957744
14,12,2,maximize-smallest-sum,False,1,0.010247300000060022
14,12,3,minimize-largest-sum,False,1,0.010273299999994379
14,12,3,maximize-smallest-sum,False,4,0.011092800000028546
14,12,4,minimize-largest-sum,False,0,0.013949099999990722
14,12,4,maximize-smallest-sum,False,1,0.01001259999998183
14,12,5,minimize-largest-sum,False,5,0.010269600000015089
14,12,5,maximize-smallest-sum,False,3,0.010118300000044655
14,12,6,minimize-largest-sum,False,3,0.010422199999993609
14,12,6,maximize-smallest-sum,False,3,0.008969800000045325
14,12,7,minimize-largest-sum,False,1,0.011208699999997407
14,12,7,maximize-smallest-sum,False,5,0.009727699999984907
14,12,8,minimize-largest-sum,False,1,0.010140400000068439
14,12,8,maximize-smallest-sum,False,2,0.010324699999955556
14,12,9,minimize-largest-sum,False,1,0.010412100000053215
14,12,9,maximize-smallest-sum,False,0,0.008083300000066629
14,16,0,minimize-largest-sum,False,12,0.012521699999979319
14,16,0,maximize-smallest-sum,False,20,0.01280640000004496
14,16,1,minimize-largest-sum,False,41,0.014028599999960534
14,16,1,maximize-smallest-sum,False,3,0.012780099999986305
14,16,2,minimize-largest-sum,False,111,0.020585099999948397
14,16,2,maximize-smallest-sum,False,1,0.012628800000015872
14,16,3,minimize-largest-sum,False,4,0.011260799999945448
14,16,3,maximize-smallest-sum,False,44,0.012950799999998708
14,16,4,minimize-largest-sum,False,13,0.012476499999934276
14,16,4,maximize-smallest-sum,False,2,0.012517199999933837
14,16,5,minimize-largest-sum,False,20,0.012260000000082982
14,16,5,maximize-smallest-sum,False,39,0.011946500000021842
14,16,6,minimize-largest-sum,False,4,0.01179160000003776
14,16,6,maximize-smallest-sum,False,27,0.012388699999974051
14,16,7,minimize-largest-sum,False,14,0.012440800000035779
14,16,7,maximize-smallest-sum,False,10,0.012575099999935446
14,16,8,minimize-largest-sum,False,23,0.011591399999929308
14,16,8,maximize-smallest-sum,False,16,0.011985399999957735
14,16,9,minimize-largest-sum,False,11,0.012558800000078918
14,16,9,maximize-smallest-sum,False,15,0.012485200000014629
14,20,0,minimize-largest-sum,False,227,0.012521300000003066
14,20,0,maximize-smallest-sum,False,189,0.013751500000012129
14,20,1,minimize-largest-sum,False,350,0.01239470000007259
14,20,1,maximize-smallest-sum,False,201,0.01233029999991686
14,20,2,minimize-largest-sum,False,137,0.012229200000092533
14,20,2,maximize-smallest-sum,False,21,0.013598900000033609
14,20,3,minimize-largest-sum,False,1141,0.012445400000046902
14,20,3,maximize-smallest-sum,False,1402,0.01224539999998342
14,20,4,minimize-largest-sum,False,174,0.012621200000012323
14,20,4,maximize-smallest-sum,False,625,0.012620900000001711
14,20,5,minimize-largest-sum,False,245,0.012544800000000578
14,20,5,maximize-smallest-sum,False,688,0.012474399999973684
14,20,6,minimize-largest-sum,False,41,0.012421099999983198
14,20,6,maximize-smallest-sum,False,26,0.012432800000055977
14,20,7,minimize-largest-sum,False,195,0.012734600000044338
14,20,7,maximize-smallest-sum,False,1095,0.012543499999992491
14,20,8,minimize-largest-sum,False,28,0.01267700000005334
14,20,8,maximize-smallest-sum,False,204,0.012470300000018142
14,20,9,minimize-largest-sum,False,163,0.011954599999967286
14,20,9,maximize-smallest-sum,False,30,0.012569299999995565
16,4,0,minimize-largest-sum,False,0,0.0004812999999330714
16,4,0,minimize-largest-sum,True,1,0.022858400000018264
16,4,0,maximize-smallest-sum,False,0,0.0006134999999858337
16,4,0,maximize-smallest-sum,True,0,0.026084800000035102
16,4,1,minimize-largest-sum,False,1,0.0005291999999599284
16,4,1,minimize-largest-sum,True,1,0.025710400000093614
16,4,1,maximize-smallest-sum,False,0,0.0004996000000119238
16,4,1,maximize-smallest-sum,True,1,0.011839799999961542
16,4,2,minimize-largest-sum,False,1,0.0005803999999898224
16,4,2,minimize-largest-sum,True,0,0.01733000000001539
16,4,2,maximize-smallest-sum,False,1,0.0005797000000029584
16,4,2,maximize-smallest-sum,True,1,0.01971949999995104
16,4,3,minimize-largest-sum,False,1,0.0005254000000149972
16,4,3,minimize-largest-sum,True,0,0.018239199999925404
16,4,3,maximize-smallest-sum,False,1,0.0005436000000145214
16,4,3,maximize-smallest-sum,True,1,0.025381499999980406
16,4,4,minimize-largest-sum,False,0,0.0005361999999422551
16,4,4,minimize-largest-sum,True,1,0.02051979999998821
16,4,4,maximize-smallest-sum,False,0,0.0005210000000488435
16,4,4,maximize-smallest-sum,True,1,0.018355999999926098
16,4,5,minimize-largest-sum,False,1,0.0005642999999508902
16,4,5,minimize-largest-sum,True,1,0.01302259999999933
16,4,5,maximize-smallest-sum,False,1,0.00048100000003614696
16,4,5,maximize-smallest-sum,True,0,0.011395699999980025
16,4,6,minimize-largest-sum,False,0,0.0005742999999256426
16,4,6,minimize-largest-sum,True,1,0.016459100000020044
16,4,6,maximize-smallest-sum,False,0,0.0006187000000181797
16,4,6,maximize-smallest-sum,True,1,0.020300700000007055
16,4,7,minimize-largest-sum,False,0,0.000481500000091728
16,4,7,minimize-largest-sum,True,0,0.028991800000085277
16,4,7,maximize-smallest-sum,False,1,0.0006593000000520988
16,4,7,maximize-smallest-sum,True,0,0.01217589999998836
16,4,8,minimize-largest-sum,False,1,0.000556699999947341
16,4,8,minimize-largest-sum,True,1,0.021744599999919956
16,4,8,maximize-smallest-sum,False,0,0.0005947999999307285
16,4,8,maximize-smallest-sum,True,1,0.03020209999999679
16,4,9,minimize-largest-sum,False,0,0.0005995000000211803
16,4,9,minimize-largest-sum,True,1,0.01197700000000168
16,4,9,maximize-smallest-sum,False,1,0.0005715999999438282
16,4,9,maximize-smallest-sum,True,1,0.017068699999981618
16,8,0,minimize-largest-sum,False,1,0.005627399999980298
16,8,0,minimize-largest-sum,True,0,10.67520879999995
16,8,0,maximize-smallest-sum,False,1,0.0027741000000105487
16,8,0,maximize-smallest-sum,True,1,3.844162900000015
16,8,1,minimize-largest-sum,False,1,0.00491300000010142
16,8,1,minimize-largest-sum,True,1,5.127564199999938
16,8,1,maximize-smallest-sum,False,1,0.004559199999903285
16,8,1,maximize-smallest-sum,True,1,4.205170100000032
16,8,2,minimize-largest-sum,False,1,0.00727879999999459
16,8,2,minimize-largest-sum,True,0,6.158492999999908
16,8,2,maximize-smallest-sum,False,0,0.003985199999988254
16,8,2,maximize-smallest-sum,True,1,4.118599499999959
16,8,3,minimize-largest-sum,False,0,0.0047280000000000655
16,8,3,minimize-largest-sum,True,0,6.089706699999965
16,8,3,maximize-smallest-sum,False,1,0.007884100000069338
16,8,3,maximize-smallest-sum,True,0,4.046587000000045
16,8,4,minimize-largest-sum,False,0,0.005354600000032406
16,8,4,minimize-largest-sum,True,1,4.6629954
16,8,4,maximize-smallest-sum,False,1,0.00397710000004281
16,8,4,maximize-smallest-sum,True,0,5.511329599999954
16,8,5,minimize-largest-sum,False,0,0.004716000000030363
16,8,5,minimize-largest-sum,True,0,5.136397999999986
16,8,5,maximize-smallest-sum,False,0,0.004474999999956708
16,8,5,maximize-smallest-sum,True,1,4.5583153999999695
16,8,6,minimize-largest-sum,False,1,0.004737400000067282
16,8,6,minimize-largest-sum,True,1,6.3681375999999545
16,8,6,maximize-smallest-sum,False,0,0.003944799999999304
16,8,6,maximize-smallest-sum,True,0,5.8360241000000315
16,8,7,minimize-largest-sum,False,0,0.0048166999999921245
16,8,7,minimize-largest-sum,True,0,4.23546470000008
16,8,7,maximize-smallest-sum,False,1,0.003754800000024261
16,8,7,maximize-smallest-sum,True,0,5.346399799999972
16,8,8,minimize-largest-sum,False,0,0.004074500000001535
16,8,8,minimize-largest-sum,True,0,8.25915909999992
16,8,8,maximize-smallest-sum,False,1,0.0038055999999642154
16,8,8,maximize-smallest-sum,True,1,5.633754500000009
16,8,9,minimize-largest-sum,False,1,0.00414130000001478
16,8,9,minimize-largest-sum,True,0,4.993562900000029
16,8,9,maximize-smallest-sum,False,0,0.004369600000018181
16,8,9,maximize-smallest-sum,True,1,2.1486000999999533
16,12,0,minimize-largest-sum,False,1,0.030763099999944643
16,12,0,maximize-smallest-sum,False,1,0.02954299999998966
16,12,1,minimize-largest-sum,False,0,0.03030460000002222
16,12,1,maximize-smallest-sum,False,0,0.03020759999992606
16,12,2,minimize-largest-sum,False,1,0.02876790000004803
16,12,2,maximize-smallest-sum,False,0,0.028387999999949898
16,12,3,minimize-largest-sum,False,1,0.029418500000019776
16,12,3,maximize-smallest-sum,False,0,0.027626400000031026
16,12,4,minimize-largest-sum,False,1,0.030886300000020128
16,12,4,maximize-smallest-sum,False,0,0.024418299999979354
16,12,5,minimize-largest-sum,False,0,0.029847399999994195
16,12,5,maximize-smallest-sum,False,0,0.029309600000033242
16,12,6,minimize-largest-sum,False,1,0.04883899999992991
16,12,6,maximize-smallest-sum,False,0,0.03600080000001071
16,12,7,minimize-largest-sum,False,0,0.028319900000042253
16,12,7,maximize-smallest-sum,False,2,0.029243800000017472
16,12,8,minimize-largest-sum,False,1,0.031021099999975377
16,12,8,maximize-smallest-sum,False,1,0.030830599999944752
16,12,9,minimize-largest-sum,False,0,0.028246899999999187
16,12,9,maximize-smallest-sum,False,1,0.02927599999998165
16,16,0,minimize-largest-sum,False,9,0.05377520000001823
16,16,0,maximize-smallest-sum,False,2,0.053967499999998836
16,16,1,minimize-largest-sum,False,14,0.05440390000001116
16,16,1,maximize-smallest-sum,False,2,0.05247980000001462
16,16,2,minimize-largest-sum,False,15,0.05779680000000553
16,16,2,maximize-smallest-sum,False,10,0.05398539999998775
16,16,3,minimize-largest-sum,False,8,0.05236539999998513
16,16,3,maximize-smallest-sum,False,1,0.05227389999993193
16,16,4,minimize-largest-sum,False,2,0.04983740000000125
16,16,4,maximize-smallest-sum,False,4,0.051353500000004715
16,16,5,minimize-largest-sum,False,2,0.049176699999975426
16,16,5,maximize-smallest-sum,False,8,0.0502004999999599
16,16,6,minimize-largest-sum,False,6,0.049373800000012125
16,16,6,maximize-smallest-sum,False,5,0.050090999999952146
16,16,7,minimize-largest-sum,False,2,0.07086930000002667
16,16,7,maximize-smallest-sum,False,1,0.05211769999993976
16,16,8,minimize-largest-sum,False,2,0.05525990000001002
16,16,8,maximize-smallest-sum,False,1,0.052866999999992004
16,16,9,minimize-largest-sum,False,0,0.050118200000042634
16,16,9,maximize-smallest-sum,False,6,0.050814900000091257
16,20,0,minimize-largest-sum,False,19,0.053957699999955366
16,20,0,maximize-smallest-sum,False,445,0.0548710000000483
16,20,1,minimize-largest-sum,False,96,0.05418489999999565
16,20,1,maximize-smallest-sum,False,21,0.05314690000000155
16,20,2,minimize-largest-sum,False,134,0.05191680000007182
16,20,2,maximize-smallest-sum,False,119,0.05589280000003782
16,20,3,minimize-largest-sum,False,224,0.05255320000003394
16,20,3,maximize-smallest-sum,False,13,0.054079699999988406
16,20,4,minimize-largest-sum,False,84,0.06034959999999501
16,20,4,maximize-smallest-sum,False,12,0.05513529999996081
16,20,5,minimize-largest-sum,False,69,0.05457969999997658
16,20,5,maximize-smallest-sum,False,183,0.05812049999997271
16,20,6,minimize-largest-sum,False,25,0.05493879999994533
16,20,6,maximize-smallest-sum,False,66,0.055853899999988244
16,20,7,minimize-largest-sum,False,64,0.05433189999996557
16,20,7,maximize-smallest-sum,False,160,0.055021000000010645
16,20,8,minimize-largest-sum,False,96,0.053074100000003455
16,20,8,maximize-smallest-sum,False,127,0.05618489999994836
16,20,9,minimize-largest-sum,False,48,0.05694549999998344
16,20,9,maximize-smallest-sum,False,13,0.053306300000031115
18,4,0,minimize-largest-sum,False,1,0.0010811999999305044
18,4,0,minimize-largest-sum,True,1,0.03865410000003067
18,4,0,maximize-smallest-sum,False,0,0.0007231000000729182
18,4,0,maximize-smallest-sum,True,1,0.0345091000000366
18,4,1,minimize-largest-sum,False,0,0.0010831000000735003
18,4,1,minimize-largest-sum,True,1,0.03291869999998198
18,4,1,maximize-smallest-sum,False,1,0.0007319000000052256
18,4,1,maximize-smallest-sum,True,0,0.028460799999947994
18,4,2,minimize-largest-sum,False,0,0.0008275999999796113
18,4,2,minimize-largest-sum,True,1,0.028063500000030217
18,4,2,maximize-smallest-sum,False,1,0.0007984000000078595
18,4,2,maximize-smallest-sum,True,0,0.03746520000004239
18,4,3,minimize-largest-sum,False,0,0.0013099000000238448
18,4,3,minimize-largest-sum,True,1,0.023599600000011378
18,4,3,maximize-smallest-sum,False,1,0.0007475000001022636
18,4,3,maximize-smallest-sum,True,0,0.02907500000003438
18,4,4,minimize-largest-sum,False,1,0.0007304000000658561
18,4,4,minimize-largest-sum,True,1,0.029632799999944837
18,4,4,maximize-smallest-sum,False,1,0.0006356999999752588
18,4,4,maximize-smallest-sum,True,0,0.01884630000006382
18,4,5,minimize-largest-sum,False,0,0.0007785000000239961
18,4,5,minimize-largest-sum,True,0,0.028269799999975476
18,4,5,maximize-smallest-sum,False,1,0.0007713999999623411
18,4,5,maximize-smallest-sum,True,1,0.03240680000010343
18,4,6,minimize-largest-sum,False,1,0.0007096999999021136
18,4,6,minimize-largest-sum,True,1,0.026985399999944093
18,4,6,maximize-smallest-sum,False,0,0.0007066999999096879
18,4,6,maximize-smallest-sum,True,1,0.020368400000052134
18,4,7,minimize-largest-sum,False,0,0.0007005000001072403
18,4,7,minimize-largest-sum,True,1,0.025649599999951533
18,4,7,maximize-smallest-sum,False,1,0.000748499999986052
18,4,7,maximize-smallest-sum,True,1,0.03344429999992826
18,4,8,minimize-largest-sum,False,1,0.0007130999999844789
18,4,8,minimize-largest-sum,True,0,0.026983599999994112
18,4,8,maximize-smallest-sum,False,1,0.0006359000000202286
18,4,8,maximize-smallest-sum,True,1,0.02014140000005682
18,4,9,minimize-largest-sum,False,1,0.0006576000000677595
18,4,9,minimize-largest-sum,True,0,0.02681889999996656
18,4,9,maximize-smallest-sum,False,1,0.000611199999980272
18,4,9,maximize-smallest-sum,True,0,0.041070300000001225
18,8,0,minimize-largest-sum,False,0,0.007028300000001764
18,8,0,minimize-largest-sum,True,1,6.424120599999924
18,8,0,maximize-smallest-sum,False,1,0.007336200000054305
18,8,0,maximize-smallest-sum,True,1,8.342363999999975
18,8,1,minimize-largest-sum,False,0,0.006147400000031666
18,8,1,minimize-largest-sum,True,0,10.666825900000049
18,8,1,maximize-smallest-sum,False,0,0.007038299999976516
18,8,1,maximize-smallest-sum,True,0,5.410000799999921
18,8,2,minimize-largest-sum,False,0,0.007573400000069341
18,8,2,minimize-largest-sum,True,1,9.275488999999993
18,8,2,maximize-smallest-sum,False,1,0.007179199999995944
18,8,2,maximize-smallest-sum,True,1,4.27750739999999
18,8,3,minimize-largest-sum,False,1,0.005988300000012714
18,8,3,minimize-largest-sum,True,1,6.76927169999999
18,8,3,maximize-smallest-sum,False,1,0.00630660000001626
18,8,3,maximize-smallest-sum,True,0,8.767307399999936
18,8,4,minimize-largest-sum,False,1,0.006767999999965468
18,8,4,minimize-largest-sum,True,1,5.652023200000031
18,8,4,maximize-smallest-sum,False,1,0.0058828999999605
18,8,4,maximize-smallest-sum,True,0,7.683652599999959
18,8,5,minimize-largest-sum,False,0,0.007739700000001903
18,8,5,minimize-largest-sum,True,0,7.971017800000027
18,8,5,maximize-smallest-sum,False,1,0.006185500000015054
18,8,5,maximize-smallest-sum,True,1,7.778979699999923
18,8,6,minimize-largest-sum,False,0,0.007459700000026714
18,8,6,minimize-largest-sum,True,0,6.64037959999996
18,8,6,maximize-smallest-sum,False,1,0.006748499999957858
18,8,6,maximize-smallest-sum,True,1,11.1058041
18,8,7,minimize-largest-sum,False,1,0.007460900000069159
18,8,7,minimize-largest-sum,True,0,8.557012900000018
18,8,7,maximize-smallest-sum,False,1,0.007621900000003734
18,8,7,maximize-smallest-sum,True,1,4.170208900000034
18,8,8,minimize-largest-sum,False,0,0.007246200000054159
18,8,8,minimize-largest-sum,True,0,7.256191699999931
18,8,8,maximize-smallest-sum,False,0,0.006541900000001988
18,8,8,maximize-smallest-sum,True,1,7.224694999999997
18,8,9,minimize-largest-sum,False,0,0.0065593000000490065
18,8,9,minimize-largest-sum,True,0,6.456159600000092
18,8,9,maximize-smallest-sum,False,0,0.006566700000007586
18,8,9,maximize-smallest-sum,True,0,8.277395400000046
18,12,0,minimize-largest-sum,False,0,0.05384720000006382
18,12,0,maximize-smallest-sum,False,0,0.06240089999994325
18,12,1,minimize-largest-sum,False,0,0.05301480000002812
18,12,1,maximize-smallest-sum,False,1,0.05660139999997682
18,12,2,minimize-largest-sum,False,0,0.05456219999996392
18,12,2,maximize-smallest-sum,False,1,0.058074000000033266
18,12,3,minimize-largest-sum,False,1,0.05282240000008187
18,12,3,maximize-smallest-sum,False,1,0.05074479999996129
18,12,4,minimize-largest-sum,False,1,0.059483099999965816
18,12,4,maximize-smallest-sum,False,0,0.0634440999999697
18,12,5,minimize-largest-sum,False,0,0.059419299999945
18,12,5,maximize-smallest-sum,False,0,0.059196899999960806
18,12,6,minimize-largest-sum,False,1,0.05485040000007757
18,12,6,maximize-smallest-sum,False,0,0.05302870000002713
18,12,7,minimize-largest-sum,False,0,0.05375900000001366
18,12,7,maximize-smallest-sum,False,1,0.05560639999998784
18,12,8,minimize-largest-sum,False,0,0.06280579999997826
18,12,8,maximize-smallest-sum,False,1,0.05493530000001101
18,12,9,minimize-largest-sum,False,1,0.05278479999992669
18,12,9,maximize-smallest-sum,False,1,0.05485610000005181
18,16,0,minimize-largest-sum,False,4,0.1955920000000333
18,16,0,maximize-smallest-sum,False,3,0.19050379999998768
18,16,1,minimize-largest-sum,False,2,0.20395460000008825
18,16,1,maximize-smallest-sum,False,1,0.19161420000000362
18,16,2,minimize-largest-sum,False,0,0.17768279999995684
18,16,2,maximize-smallest-sum,False,1,0.1975224000000253
18,16,3,minimize-largest-sum,False,2,0.20433519999994587
18,16,3,maximize-smallest-sum,False,0,0.20515769999997246
18,16,4,minimize-largest-sum,False,5,0.19211859999995795
18,16,4,maximize-smallest-sum,False,1,0.19240879999995286
18,16,5,minimize-largest-sum,False,0,0.19045010000002094
18,16,5,maximize-smallest-sum,False,0,0.2122137000000066
18,16,6,minimize-largest-sum,False,1,0.1986775000000307
18,16,6,maximize-smallest-sum,False,1,0.19512969999993857
18,16,7,minimize-largest-sum,False,0,0.16420210000001134
18,16,7,maximize-smallest-sum,False,3,0.19910489999995207
18,16,8,minimize-largest-sum,False,1,0.19162700000003952
18,16,8,maximize-smallest-sum,False,0,0.19708400000001802
18,16,9,minimize-largest-sum,False,1,0.1959201000000803
18,16,9,maximize-smallest-sum,False,0,0.19374680000009903
18,20,0,minimize-largest-sum,False,13,0.22262139999997999
18,20,0,maximize-smallest-sum,False,37,0.23541000000000167
18,20,1,minimize-largest-sum,False,15,0.22532330000001366
18,20,1,maximize-smallest-sum,False,25,0.23122640000008232
18,20,2,minimize-largest-sum,False,11,0.273250800000028
18,20,2,maximize-smallest-sum,False,36,0.2407620000000179
18,20,3,minimize-largest-sum,False,21,0.22682799999995495
18,20,3,maximize-smallest-sum,False,75,0.231062300000076
18,20,4,minimize-largest-sum,False,48,0.23397609999994984
18,20,4,maximize-smallest-sum,False,5,0.23988550000001396
18,20,5,minimize-largest-sum,False,14,0.22732859999996435
18,20,5,maximize-smallest-sum,False,22,0.23779149999995752
18,20,6,minimize-largest-sum,False,66,0.230756700000029
18,20,6,maximize-smallest-sum,False,35,0.24624679999999444
18,20,7,minimize-largest-sum,False,5,0.22768710000002557
18,20,7,maximize-smallest-sum,False,0,0.230896400000006
18,20,8,minimize-largest-sum,False,2,0.2255492999998978
18,20,8,maximize-smallest-sum,False,8,0.24144379999995635
18,20,9,minimize-largest-sum,False,22,0.22242099999994025
18,20,9,maximize-smallest-sum,False,163,0.2295573000000104
20,4,0,minimize-largest-sum,False,1,0.0008302999999614258
20,4,0,minimize-largest-sum,True,0,0.02610179999999218
20,4,0,maximize-smallest-sum,False,0,0.0009639999999535576
20,4,0,maximize-smallest-sum,True,0,0.04600479999999152
20,4,1,minimize-largest-sum,False,1,0.0009180000000696964
20,4,1,minimize-largest-sum,True,1,0.026864400000022215
20,4,1,maximize-smallest-sum,False,1,0.0008032000000639528
20,4,1,maximize-smallest-sum,True,1,0.03335279999998875
20,4,2,minimize-largest-sum,False,1,0.0007689999999911379
20,4,2,minimize-largest-sum,True,0,0.04151009999998223
20,4,2,maximize-smallest-sum,False,0,0.0008781000000226413
20,4,2,maximize-smallest-sum,True,1,0.029843900000059875
20,4,3,minimize-largest-sum,False,1,0.0007469000000810411
20,4,3,minimize-largest-sum,True,0,0.03623270000002776
20,4,3,maximize-smallest-sum,False,0,0.0009365000000798318
20,4,3,maximize-smallest-sum,True,0,0.04815480000002026
20,4,4,minimize-largest-sum,False,0,0.0008070000000088839
20,4,4,minimize-largest-sum,True,1,0.032648299999891606
20,4,4,maximize-smallest-sum,False,0,0.000789299999951254
20,4,4,maximize-smallest-sum,True,1,0.03851559999998244
20,4,5,minimize-largest-sum,False,1,0.0008710000000746732
20,4,5,minimize-largest-sum,True,0,0.05540429999996377
20,4,5,maximize-smallest-sum,False,0,0.0006706000000349377
20,4,5,maximize-smallest-sum,True,1,0.04027450000000954
20,4,6,minimize-largest-sum,False,0,0.0008622999999943204
20,4,6,minimize-largest-sum,True,1,0.025421499999993102
20,4,6,maximize-smallest-sum,False,0,0.0007462999999461317
20,4,6,maximize-smallest-sum,True,1,0.049425699999915196
20,4,7,minimize-largest-sum,False,0,0.0008397000000286425
20,4,7,minimize-largest-sum,True,0,0.016652700000008736
20,4,7,maximize-smallest-sum,False,0,0.0009344999999711945
20,4,7,maximize-smallest-sum,True,0,0.031556700000010096
20,4,8,minimize-largest-sum,False,0,0.0008692999999766471
20,4,8,minimize-largest-sum,True,1,0.025741499999980988
20,4,8,maximize-smallest-sum,False,1,0.0008505000000695873
20,4,8,maximize-smallest-sum,True,1,0.03955410000003212
20,4,9,minimize-largest-sum,False,1,0.001004200000011224
20,4,9,minimize-largest-sum,True,0,0.04423239999994166
20,4,9,maximize-smallest-sum,False,1,0.0008788000000095053
20,4,9,maximize-smallest-sum,True,1,0.025299899999936315
20,8,0,minimize-largest-sum,False,1,0.010696400000028916
20,8,0,minimize-largest-sum,True,1,12.13176420000002
20,8,0,maximize-smallest-sum,False,0,0.010512100000028113
20,8,0,maximize-smallest-sum,True,0,6.592667000000006
20,8,1,minimize-largest-sum,False,0,0.009977099999900929
20,8,1,minimize-largest-sum,True,0,10.76013839999996
20,8,1,maximize-smallest-sum,False,0,0.009546300000010888
20,8,1,maximize-smallest-sum,True,0,9.614621900000088
20,8,2,minimize-largest-sum,False,0,0.00986590000002252
20,8,2,minimize-largest-sum,True,0,10.483862799999997
20,8,2,maximize-smallest-sum,False,0,0.008127300000069226
20,8,2,maximize-smallest-sum,True,0,7.20126920000007
20,8,3,minimize-largest-sum,False,0,0.008167899999989459
20,8,3,minimize-largest-sum,True,0,9.828417399999921
20,8,3,maximize-smallest-sum,False,1,0.010722299999997631
20,8,3,maximize-smallest-sum,True,0,9.016354999999976
20,8,4,minimize-largest-sum,False,0,0.007528200000024299
20,8,4,minimize-largest-sum,True,1,10.379547300000013
20,8,4,maximize-smallest-sum,False,0,0.009138899999925343
20,8,4,maximize-smallest-sum,True,1,11.082589999999982
20,8,5,minimize-largest-sum,False,1,0.007798900000011599
20,8,5,minimize-largest-sum,True,0,11.673864500000036
20,8,5,maximize-smallest-sum,False,1,0.009557399999948757
20,8,5,maximize-smallest-sum,True,1,10.924127399999975
20,8,6,minimize-largest-sum,False,0,0.008670299999948838
20,8,6,minimize-largest-sum,True,0,7.8314441000001125
20,8,6,maximize-smallest-sum,False,0,0.008801100000027873
20,8,6,maximize-smallest-sum,True,0,4.846920700000055
20,8,7,minimize-largest-sum,False,0,0.010095600000113336
20,8,7,minimize-largest-sum,True,0,9.433643800000027
20,8,7,maximize-smallest-sum,False,1,0.010204499999872496
20,8,7,maximize-smallest-sum,True,1,12.00496320000002
20,8,8,minimize-largest-sum,False,1,0.00968349999993734
20,8,8,minimize-largest-sum,True,1,8.962997500000029
20,8,8,maximize-smallest-sum,False,1,0.009223999999903754
20,8,8,maximize-smallest-sum,True,0,10.970966500000031
20,8,9,minimize-largest-sum,False,1,0.00752369999986513
20,8,9,minimize-largest-sum,True,1,13.990828199999896
20,8,9,maximize-smallest-sum,False,0,0.009790699999939534
20,8,9,maximize-smallest-sum,True,1,9.576007899999922
20,12,0,minimize-largest-sum,False,0,0.08932709999999133
20,12,0,maximize-smallest-sum,False,1,0.0971703999998681
20,12,1,minimize-largest-sum,False,1,0.09809740000014244
20,12,1,maximize-smallest-sum,False,1,0.09433839999996962
20,12,2,minimize-largest-sum,False,1,0.11281340000005002
20,12,2,maximize-smallest-sum,False,1,0.07671740000000682
20,12,3,minimize-largest-sum,False,1,0.12385820000008607
20,12,3,maximize-smallest-sum,False,1,0.0883209999999508
20,12,4,minimize-largest-sum,False,0,0.10006269999985307
20,12,4,maximize-smallest-sum,False,0,0.09314630000017132
20,12,5,minimize-largest-sum,False,1,0.09090340000011565
20,12,5,maximize-smallest-sum,False,0,0.08763220000014371
20,12,6,minimize-largest-sum,False,1,0.09423409999999421
20,12,6,maximize-smallest-sum,False,1,0.10209759999997914
20,12,7,minimize-largest-sum,False,1,0.09343139999987216
20,12,7,maximize-smallest-sum,False,0,0.10441990000003898
20,12,8,minimize-largest-sum,False,1,0.1054529000000457
20,12,8,maximize-smallest-sum,False,1,0.09818749999999454
20,12,9,minimize-largest-sum,False,0,0.10045309999986785
20,12,9,maximize-smallest-sum,False,1,0.09865019999983815
20,16,0,minimize-largest-sum,False,0,0.45292779999999766
20,16,0,maximize-smallest-sum,False,1,0.5471926000000167
20,16,1,minimize-largest-sum,False,1,0.5541843999999401
20,16,1,maximize-smallest-sum,False,0,0.5086584000000585
20,16,2,minimize-largest-sum,False,1,0.5874046000001272
20,16,2,maximize-smallest-sum,False,1,0.578531600000133
20,16,3,minimize-largest-sum,False,0,0.5485685999999532
20,16,3,maximize-smallest-sum,False,2,0.5817426999999498
20,16,4,minimize-largest-sum,False,1,0.5675894000000881
20,16,4,maximize-smallest-sum,False,1,0.5495428000001539
20,16,5,minimize-largest-sum,False,0,0.552737900000011
20,16,5,maximize-smallest-sum,False,1,0.5918894000001274
20,16,6,minimize-largest-sum,False,0,0.5208506999999827
20,16,6,maximize-smallest-sum,False,0,0.5657473000001119
20,16,7,minimize-largest-sum,False,1,0.49961660000008123
20,16,7,maximize-smallest-sum,False,1,0.5490076999999474
20,16,8,minimize-largest-sum,False,1,0.5534505000000536
20,16,8,maximize-smallest-sum,False,0,0.5345382999998947
20,16,9,minimize-largest-sum,False,0,0.5633680999999342
20,16,9,maximize-smallest-sum,False,0,0.5426643999999214
20,20,0,minimize-largest-sum,False,6,0.9554540000001452
20,20,0,maximize-smallest-sum,False,5,0.9648830999999518
20,20,1,minimize-largest-sum,False,16,0.9680121999999756
20,20,1,maximize-smallest-sum,False,12,0.9517822000000251
20,20,2,minimize-largest-sum,False,14,0.9659635000000435
20,20,2,maximize-smallest-sum,False,5,0.9612207000000126
20,20,3,minimize-largest-sum,False,0,0.9589865000000373
20,20,3,maximize-smallest-sum,False,1,0.9363164999999753
20,20,4,minimize-largest-sum,False,5,0.9367707000001246
20,20,4,maximize-smallest-sum,False,1,0.9543043999999554
20,20,5,minimize-largest-sum,False,12,0.9426250999999866
20,20,5,maximize-smallest-sum,False,6,0.9615693000000647
20,20,6,minimize-largest-sum,False,12,0.9330558999999994
20,20,6,maximize-smallest-sum,False,1,0.969613900000013
20,20,7,minimize-largest-sum,False,5,0.9298214999998891
20,20,7,maximize-smallest-sum,False,6,0.9682035999999243
20,20,8,minimize-largest-sum,False,4,0.9445453000000725
20,20,8,maximize-smallest-sum,False,2,0.9883234000001266
20,20,9,minimize-largest-sum,False,1,0.9364556000000448
20,20,9,maximize-smallest-sum,False,9,0.9728502999998909
22,4,0,minimize-largest-sum,False,1,0.0009127000000717089
22,4,0,minimize-largest-sum,True,0,0.0585971000000427
22,4,0,maximize-smallest-sum,False,1,0.0008543999999801599
22,4,0,maximize-smallest-sum,True,0,0.0512988000000405
22,4,1,minimize-largest-sum,False,0,0.0009539999998651183
22,4,1,minimize-largest-sum,True,1,0.03890640000008716
22,4,1,maximize-smallest-sum,False,1,0.0016497999999955937
22,4,1,maximize-smallest-sum,True,1,0.040651000000025306
22,4,2,minimize-largest-sum,False,0,0.001066499999978987
22,4,2,minimize-largest-sum,True,0,0.05473910000000615
22,4,2,maximize-smallest-sum,False,0,0.0008413000000473403
22,4,2,maximize-smallest-sum,True,1,0.05740519999994831
22,4,3,minimize-largest-sum,False,0,0.0008600000001024455
22,4,3,minimize-largest-sum,True,0,0.04429320000008374
22,4,3,maximize-smallest-sum,False,1,0.0007528000001002511
22,4,3,maximize-smallest-sum,True,1,0.04379539999990811
22,4,4,minimize-largest-sum,False,1,0.0008118000000649772
22,4,4,minimize-largest-sum,True,1,0.054212499999948704
22,4,4,maximize-smallest-sum,False,0,0.0009591000000455097
22,4,4,maximize-smallest-sum,True,1,0.0514424999998937
22,4,5,minimize-largest-sum,False,1,0.0009204000000408996
22,4,5,minimize-largest-sum,True,1,0.06206919999999627
22,4,5,maximize-smallest-sum,False,0,0.0010921000000507775
22,4,5,maximize-smallest-sum,True,0,0.04468110000016168
22,4,6,minimize-largest-sum,False,0,0.000981999999794425
22,4,6,minimize-largest-sum,True,0,0.08514310000009573
22,4,6,maximize-smallest-sum,False,1,0.0010689999999158317
22,4,6,maximize-smallest-sum,True,1,0.07720029999995859
22,4,7,minimize-largest-sum,False,1,0.0010001000000556814
22,4,7,minimize-largest-sum,True,0,0.04936720000000605
22,4,7,maximize-smallest-sum,False,0,0.0008897000000160915
22,4,7,maximize-smallest-sum,True,1,0.060687299999926836
22,4,8,minimize-largest-sum,False,1,0.001012500000115324
22,4,8,minimize-largest-sum,True,1,0.05812289999994391
22,4,8,maximize-smallest-sum,False,1,0.0013806999997996172
22,4,8,maximize-smallest-sum,True,0,0.04545849999999518
22,4,9,minimize-largest-sum,False,0,0.0009844999999586435
22,4,9,minimize-largest-sum,True,0,0.05924959999993007
22,4,9,maximize-smallest-sum,False,0,0.0010933999999451771
22,4,9,maximize-smallest-sum,True,0,0.060827999999901294
22,8,0,minimize-largest-sum,False,0,0.01371400000016365
22,8,0,minimize-largest-sum,True,0,17.208183099999815
22,8,0,maximize-smallest-sum,False,0,0.018002000000024054
22,8,0,maximize-smallest-sum,True,1,14.352513999999928
22,8,1,minimize-largest-sum,False,1,0.013222400000131529
22,8,1,minimize-largest-sum,True,0,12.930328400000008
22,8,1,maximize-smallest-sum,False,0,0.014353199999959543
22,8,1,maximize-smallest-sum,True,1,16.38453659999982
22,8,2,minimize-largest-sum,False,0,0.013220499999988533
22,8,2,minimize-largest-sum,True,1,12.828028700000004
22,8,2,maximize-smallest-sum,False,0,0.014171500000202286
22,8,2,maximize-smallest-sum,True,0,12.324972000000116
22,8,3,minimize-largest-sum,False,1,0.01066169999990052
22,8,3,minimize-largest-sum,True,1,14.886801200000036
22,8,3,maximize-smallest-sum,False,0,0.01120109999988017
22,8,3,maximize-smallest-sum,True,1,10.4263633999999
22,8,4,minimize-largest-sum,False,0,0.010446099999853686
22,8,4,minimize-largest-sum,True,0,13.555429199999935
22,8,4,maximize-smallest-sum,False,0,0.012016200000061872
22,8,4,maximize-smallest-sum,True,1,11.333065599999827
22,8,5,minimize-largest-sum,False,0,0.012430600000016057
22,8,5,minimize-largest-sum,True,0,16.280521800000088
22,8,5,maximize-smallest-sum,False,1,0.01198389999990468
22,8,5,maximize-smallest-sum,True,1,18.615298200000097
22,8,6,minimize-largest-sum,False,1,0.013805700000148136
22,8,6,minimize-largest-sum,True,1,13.669399099999964
22,8,6,maximize-smallest-sum,False,0,0.013518199999907665
22,8,6,maximize-smallest-sum,True,1,11.602290099999891
22,8,7,minimize-largest-sum,False,0,0.012430100000074162
22,8,7,minimize-largest-sum,True,0,11.988011299999926
22,8,7,maximize-smallest-sum,False,1,0.01169860000004519
22,8,7,maximize-smallest-sum,True,0,11.838168300000007
22,8,8,minimize-largest-sum,False,1,0.012907399999903646
22,8,8,minimize-largest-sum,True,1,8.06302329999994
22,8,8,maximize-smallest-sum,False,0,0.012751299999990806
22,8,8,maximize-smallest-sum,True,1,17.916942300000073
22,8,9,minimize-largest-sum,False,1,0.01284469999995963
22,8,9,minimize-largest-sum,True,1,17.291673599999967
22,8,9,maximize-smallest-sum,False,0,0.008729700000003504
22,8,9,maximize-smallest-sum,True,0,18.297288799999933
22,12,0,minimize-largest-sum,False,0,0.1419444000000567
22,12,0,maximize-smallest-sum,False,0,0.13965989999996964
22,12,1,minimize-largest-sum,False,0,0.15756750000014108
22,12,1,maximize-smallest-sum,False,1,0.13005189999989852
22,12,2,minimize-largest-sum,False,1,0.15666220000002795
22,12,2,maximize-smallest-sum,False,1,0.14228899999989153
22,12,3,minimize-largest-sum,False,1,0.16526299999986804
22,12,3,maximize-smallest-sum,False,0,0.10503530000005412
22,12,4,minimize-largest-sum,False,1,0.12288449999982731
22,12,4,maximize-smallest-sum,False,0,0.13023439999983566
22,12,5,minimize-largest-sum,False,1,0.12907250000012027
22,12,5,maximize-smallest-sum,False,0,0.1349076999999852
22,12,6,minimize-largest-sum,False,0,0.148165199999994
22,12,6,maximize-smallest-sum,False,0,0.12657579999995505
22,12,7,minimize-largest-sum,False,1,0.16726589999984753
22,12,7,maximize-smallest-sum,False,0,0.1253375999999662
22,12,8,minimize-largest-sum,False,1,0.12204650000012407
22,12,8,maximize-smallest-sum,False,0,0.1401455000000169
22,12,9,minimize-largest-sum,False,1,0.19502239999997073
22,12,9,maximize-smallest-sum,False,0,0.17875670000012178
22,16,0,minimize-largest-sum,False,1,1.2288958999999977
22,16,0,maximize-smallest-sum,False,0,1.125403600000027
22,16,1,minimize-largest-sum,False,0,1.2758936000000176
22,16,1,maximize-smallest-sum,False,1,1.1112313999999515
22,16,2,minimize-largest-sum,False,0,1.0720415999999204
22,16,2,maximize-smallest-sum,False,1,1.0754503999999088
22,16,3,minimize-largest-sum,False,1,0.9178497000000334
22,16,3,maximize-smallest-sum,False,1,1.1442537000000357
22,16,4,minimize-largest-sum,False,1,1.0962274999999408
22,16,4,maximize-smallest-sum,False,0,1.1647140000000036
22,16,5,minimize-largest-sum,False,1,1.0363780999998653
22,16,5,maximize-smallest-sum,False,1,1.0509500000000571
22,16,6,minimize-largest-sum,False,1,1.1748099999999795
22,16,6,maximize-smallest-sum,False,1,1.126996199999894
22,16,7,minimize-largest-sum,False,0,1.0782683999998426
22,16,7,maximize-smallest-sum,False,0,1.212718300000006
22,16,8,minimize-largest-sum,False,1,1.1330126000000291
22,16,8,maximize-smallest-sum,False,0,1.075974300000098
22,16,9,minimize-largest-sum,False,0,1.1918183999998746
22,16,9,maximize-smallest-sum,False,0,1.0048361999999997
22,20,0,minimize-largest-sum,False,5,3.223171500000035
22,20,0,maximize-smallest-sum,False,0,3.5438910000000305
22,20,1,minimize-largest-sum,False,1,3.4104549000001043
22,20,1,maximize-smallest-sum,False,1,3.2945154999999886
22,20,2,minimize-largest-sum,False,1,3.3877909000000272
22,20,2,maximize-smallest-sum,False,5,3.6156327999999576
22,20,3,minimize-largest-sum,False,1,3.7221079999999347
22,20,3,maximize-smallest-sum,False,3,3.3466001000001597
22,20,4,minimize-largest-sum,False,4,3.425862499999994
22,20,4,maximize-smallest-sum,False,1,3.53191240000001
22,20,5,minimize-largest-sum,False,0,3.489521599999989
22,20,5,maximize-smallest-sum,False,2,3.50428009999996
22,20,6,minimize-largest-sum,False,2,3.6165937000000667
22,20,6,maximize-smallest-sum,False,2,3.549210500000072
22,20,7,minimize-largest-sum,False,1,3.4364367000000584
22,20,7,maximize-smallest-sum,False,1,3.5448277000000417
22,20,8,minimize-largest-sum,False,1,3.404666600000155
22,20,8,maximize-smallest-sum,False,5,3.6488328999998885
22,20,9,minimize-largest-sum,False,1,3.4519835999999486
22,20,9,maximize-smallest-sum,False,0,3.6997776000000613
24,4,0,minimize-largest-sum,False,1,0.0011911999999938416
24,4,0,minimize-largest-sum,True,0,0.0798591000000215
24,4,0,maximize-smallest-sum,False,0,0.0013549000000239175
24,4,0,maximize-smallest-sum,True,1,0.05020679999984168
24,4,1,minimize-largest-sum,False,0,0.001289700000143057
24,4,1,minimize-largest-sum,True,0,0.06133730000010473
24,4,1,maximize-smallest-sum,False,0,0.001321800000141593
24,4,1,maximize-smallest-sum,True,0,0.06119219999982306
24,4,2,minimize-largest-sum,False,0,0.0010138000000097236
24,4,2,minimize-largest-sum,True,1,0.0505534000001262
24,4,2,maximize-smallest-sum,False,0,0.0013006000001496432
24,4,2,maximize-smallest-sum,True,1,0.05915000000004511
24,4,3,minimize-largest-sum,False,0,0.0012074000001121021
24,4,3,minimize-largest-sum,True,0,0.08957820000000538
24,4,3,maximize-smallest-sum,False,1,0.0013870000000224536
24,4,3,maximize-smallest-sum,True,0,0.061999200000173005
24,4,4,minimize-largest-sum,False,1,0.001349099999970349
24,4,4,minimize-largest-sum,True,1,0.06441970000014408
24,4,4,maximize-smallest-sum,False,0,0.001190100000030725
24,4,4,maximize-smallest-sum,True,0,0.05646120000005794
24,4,5,minimize-largest-sum,False,0,0.0014002000000346015
24,4,5,minimize-largest-sum,True,1,0.043939099999988684
24,4,5,maximize-smallest-sum,False,1,0.0012387000001581328
24,4,5,maximize-smallest-sum,True,1,0.044989299999997456
24,4,6,minimize-largest-sum,False,1,0.0011853000000883185
24,4,6,minimize-largest-sum,True,1,0.07704009999997652
24,4,6,maximize-smallest-sum,False,0,0.0015737999999601016
24,4,6,maximize-smallest-sum,True,1,0.0630717999999888
24,4,7,minimize-largest-sum,False,1,0.0010962999999719614
24,4,7,minimize-largest-sum,True,0,0.073330199999873
24,4,7,maximize-smallest-sum,False,0,0.0010612000000946864
24,4,7,maximize-smallest-sum,True,0,0.06153459999995903
24,4,8,minimize-largest-sum,False,1,0.0013016000000334316
24,4,8,minimize-largest-sum,True,0,0.0860240999998041
24,4,8,maximize-smallest-sum,False,0,0.0012096999998902902
24,4,8,maximize-smallest-sum,True,0,0.06706370000006245
24,4,9,minimize-largest-sum,False,1,0.00132949999988341
24,4,9,minimize-largest-sum,True,1,0.0709239999998772
24,4,9,maximize-smallest-sum,False,0,0.0012781999998878746
24,4,9,maximize-smallest-sum,True,1,0.0499464000001808
24,8,0,minimize-largest-sum,False,1,0.016909299999952054
24,8,0,minimize-largest-sum,True,1,13.715052399999877
24,8,0,maximize-smallest-sum,False,0,0.016955800000005183
24,8,0,maximize-smallest-sum,True,1,15.603919700000006
24,8,1,minimize-largest-sum,False,1,0.014870200000132172
24,8,1,minimize-largest-sum,True,0,24.971398300000146
24,8,1,maximize-smallest-sum,False,0,0.021672600000101738
24,8,1,maximize-smallest-sum,True,1,12.59112170000003
24,8,2,minimize-largest-sum,False,0,0.015210300000035204
24,8,2,minimize-largest-sum,True,0,16.592841099999987
24,8,2,maximize-smallest-sum,False,1,0.01718580000010661
24,8,2,maximize-smallest-sum,True,0,11.729749600000105
24,8,3,minimize-largest-sum,False,1,0.016545600000199556
24,8,3,minimize-largest-sum,True,0,22.47240369999986
24,8,3,maximize-smallest-sum,False,0,0.025416599999971368
24,8,3,maximize-smallest-sum,True,0,19.343548800000008
24,8,4,minimize-largest-sum,False,1,0.014666999999917607
24,8,4,minimize-largest-sum,True,1,17.286767199999986
24,8,4,maximize-smallest-sum,False,0,0.02805690000013783
24,8,4,maximize-smallest-sum,True,1,18.11528229999999
24,8,5,minimize-largest-sum,False,0,0.028383399999938774
24,8,5,minimize-largest-sum,True,1,18.435502099999894
24,8,5,maximize-smallest-sum,False,0,0.016819300000179283
24,8,5,maximize-smallest-sum,True,0,20.425466299999925
24,8,6,minimize-largest-sum,False,1,0.015266299999893818
24,8,6,minimize-largest-sum,True,1,18.916526599999997
24,8,6,maximize-smallest-sum,False,1,0.017177100000026257
24,8,6,maximize-smallest-sum,True,1,21.935315400000036
24,8,7,minimize-largest-sum,False,0,0.015225299999883646
24,8,7,minimize-largest-sum,True,1,12.505390900000066
24,8,7,maximize-smallest-sum,False,1,0.014776199999914752
24,8,7,maximize-smallest-sum,True,0,15.264039199999843
24,8,8,minimize-largest-sum,False,0,0.018910200000163968
